deduplicated_row_index,partition_id,matrix_mask_hex,"[""  b"",""g  ""]","["" \""m""]","["" \""o""]","["" \""t""]","["" \""w""]","["" #1""]","["" #2""]","["" #3""]","["" #4""]","["" #5""]","["" #6""]","["" #7""]","["" $1""]","["" $3""]","["" $4""]","["" $6""]","["" & ""]","["" &t""]","["" '0""]","["" '4""]"
0,0,00000,0,0,0,0,0,0,0,0,0,0,0,0,0,0,0,0,0,0,0,0
1,0,00002,0,1,0,0,0,0,0,0,0,0,0,0,0,0,0,0,0,0,0,0
2,0,00004,0,0,1,0,0,0,0,0,0,0,0,0,0,0,0,0,0,0,0,0
3,0,00008,0,0,0,1,0,0,0,0,0,0,0,0,0,0,0,0,0,0,0,0
4,0,00010,0,0,0,0,1,0,0,0,0,0,0,0,0,0,0,0,0,0,0,0
5,0,00020,0,0,0,0,0,1,0,0,0,0,0,0,0,0,0,0,0,0,0,0
6,0,00040,0,0,0,0,0,0,1,0,0,0,0,0,0,0,0,0,0,0,0,0
7,0,00080,0,0,0,0,0,0,0,1,0,0,0,0,0,0,0,0,0,0,0,0
8,0,00100,0,0,0,0,0,0,0,0,1,0,0,0,0,0,0,0,0,0,0,0
9,0,00180,0,0,0,0,0,0,0,1,1,0,0,0,0,0,0,0,0,0,0,0
10,0,00200,0,0,0,0,0,0,0,0,0,1,0,0,0,0,0,0,0,0,0,0
11,0,00400,0,0,0,0,0,0,0,0,0,0,1,0,0,0,0,0,0,0,0,0
12,0,00800,0,0,0,0,0,0,0,0,0,0,0,1,0,0,0,0,0,0,0,0
13,0,01000,0,0,0,0,0,0,0,0,0,0,0,0,1,0,0,0,0,0,0,0
14,0,02000,0,0,0,0,0,0,0,0,0,0,0,0,0,1,0,0,0,0,0,0
15,0,04000,0,0,0,0,0,0,0,0,0,0,0,0,0,0,1,0,0,0,0,0
16,0,08000,0,0,0,0,0,0,0,0,0,0,0,0,0,0,0,1,0,0,0,0
17,0,10000,0,0,0,0,0,0,0,0,0,0,0,0,0,0,0,0,1,0,0,0
18,0,20000,0,0,0,0,0,0,0,0,0,0,0,0,0,0,0,0,0,1,0,0
19,0,40000,0,0,0,0,0,0,0,0,0,0,0,0,0,0,0,0,0,0,1,0
20,0,80000,0,0,0,0,0,0,0,0,0,0,0,0,0,0,0,0,0,0,0,1
