metadata_version,metadata_file,fingerprint_width,feature_selection_method,ngram_size,min_block_frequency,max_block_frequency,table_name,column_name,bit_index,ngram,ngrams,alias_count,block_presence_count,total_block_count,block_frequency
0,block_infix_fingerprint_v000.json,8,local_split_entropy_equivalence_classes,3,0.0,0.25,title,title,0, $2,"["" $2""]",1,38,155,0.24516129032258063
0,block_infix_fingerprint_v000.json,8,local_split_entropy_equivalence_classes,3,0.0,0.25,title,title,1,ux:,"[""ux:""]",1,38,155,0.24516129032258063
0,block_infix_fingerprint_v000.json,8,local_split_entropy_equivalence_classes,3,0.0,0.25,title,title,2,wup,"[""wup""]",1,37,155,0.23870967741935484
0,block_infix_fingerprint_v000.json,8,local_split_entropy_equivalence_classes,3,0.0,0.25,title,title,3,10/,"[""10/""]",1,36,155,0.23225806451612904
0,block_infix_fingerprint_v000.json,8,local_split_entropy_equivalence_classes,3,0.0,0.25,title,title,4,$20,"[""$20""]",1,27,155,0.17419354838709677
0,block_infix_fingerprint_v000.json,8,local_split_entropy_equivalence_classes,3,0.0,0.25,title,title,5,'ed,"[""'ed""]",1,35,155,0.22580645161290322
0,block_infix_fingerprint_v000.json,8,local_split_entropy_equivalence_classes,3,0.0,0.25,title,title,6,kyw,"[""kyw""]",1,33,155,0.2129032258064516
0,block_infix_fingerprint_v000.json,8,local_split_entropy_equivalence_classes,3,0.0,0.25,title,title,7,owu,"[""owu""]",1,34,155,0.21935483870967742
1,block_infix_fingerprint_v001.json,16,local_split_entropy_equivalence_classes,3,0.0,0.25,title,title,0, $2,"["" $2""]",1,38,155,0.24516129032258063
1,block_infix_fingerprint_v001.json,16,local_split_entropy_equivalence_classes,3,0.0,0.25,title,title,1,ux:,"[""ux:""]",1,38,155,0.24516129032258063
1,block_infix_fingerprint_v001.json,16,local_split_entropy_equivalence_classes,3,0.0,0.25,title,title,2,wup,"[""wup""]",1,37,155,0.23870967741935484
1,block_infix_fingerprint_v001.json,16,local_split_entropy_equivalence_classes,3,0.0,0.25,title,title,3,10/,"[""10/""]",1,36,155,0.23225806451612904
1,block_infix_fingerprint_v001.json,16,local_split_entropy_equivalence_classes,3,0.0,0.25,title,title,4,$20,"[""$20""]",1,27,155,0.17419354838709677
1,block_infix_fingerprint_v001.json,16,local_split_entropy_equivalence_classes,3,0.0,0.25,title,title,5,'ed,"[""'ed""]",1,35,155,0.22580645161290322
1,block_infix_fingerprint_v001.json,16,local_split_entropy_equivalence_classes,3,0.0,0.25,title,title,6,kyw,"[""kyw""]",1,33,155,0.2129032258064516
1,block_infix_fingerprint_v001.json,16,local_split_entropy_equivalence_classes,3,0.0,0.25,title,title,7,owu,"[""owu""]",1,34,155,0.21935483870967742
1,block_infix_fingerprint_v001.json,16,local_split_entropy_equivalence_classes,3,0.0,0.25,title,title,8,39 ,"[""39 ""]",1,35,155,0.22580645161290322
1,block_infix_fingerprint_v001.json,16,local_split_entropy_equivalence_classes,3,0.0,0.25,title,title,9,h/w,"[""h/w""]",1,31,155,0.2
1,block_infix_fingerprint_v001.json,16,local_split_entropy_equivalence_classes,3,0.0,0.25,title,title,10,#44,"[""#44""]",1,38,155,0.24516129032258063
1,block_infix_fingerprint_v001.json,16,local_split_entropy_equivalence_classes,3,0.0,0.25,title,title,11,'eq,"[""'eq""]",1,32,155,0.2064516129032258
1,block_infix_fingerprint_v001.json,16,local_split_entropy_equivalence_classes,3,0.0,0.25,title,title,12,-2-,"[""-2-""]",1,35,155,0.22580645161290322
1,block_infix_fingerprint_v001.json,16,local_split_entropy_equivalence_classes,3,0.0,0.25,title,title,13, 6.,"["" 6.""]",1,37,155,0.23870967741935484
1,block_infix_fingerprint_v001.json,16,local_split_entropy_equivalence_classes,3,0.0,0.25,title,title,14,' &,"[""' &""]",1,28,155,0.18064516129032257
1,block_infix_fingerprint_v001.json,16,local_split_entropy_equivalence_classes,3,0.0,0.25,title,title,15, 9.,"["" 9.""]",1,25,155,0.16129032258064516
2,block_infix_fingerprint_v002.json,32,local_split_entropy_equivalence_classes,3,0.0,0.25,title,title,0, $2,"["" $2""]",1,38,155,0.24516129032258063
2,block_infix_fingerprint_v002.json,32,local_split_entropy_equivalence_classes,3,0.0,0.25,title,title,1,ux:,"[""ux:""]",1,38,155,0.24516129032258063
2,block_infix_fingerprint_v002.json,32,local_split_entropy_equivalence_classes,3,0.0,0.25,title,title,2,wup,"[""wup""]",1,37,155,0.23870967741935484
2,block_infix_fingerprint_v002.json,32,local_split_entropy_equivalence_classes,3,0.0,0.25,title,title,3,10/,"[""10/""]",1,36,155,0.23225806451612904
2,block_infix_fingerprint_v002.json,32,local_split_entropy_equivalence_classes,3,0.0,0.25,title,title,4,$20,"[""$20""]",1,27,155,0.17419354838709677
2,block_infix_fingerprint_v002.json,32,local_split_entropy_equivalence_classes,3,0.0,0.25,title,title,5,'ed,"[""'ed""]",1,35,155,0.22580645161290322
2,block_infix_fingerprint_v002.json,32,local_split_entropy_equivalence_classes,3,0.0,0.25,title,title,6,kyw,"[""kyw""]",1,33,155,0.2129032258064516
2,block_infix_fingerprint_v002.json,32,local_split_entropy_equivalence_classes,3,0.0,0.25,title,title,7,owu,"[""owu""]",1,34,155,0.21935483870967742
2,block_infix_fingerprint_v002.json,32,local_split_entropy_equivalence_classes,3,0.0,0.25,title,title,8,39 ,"[""39 ""]",1,35,155,0.22580645161290322
2,block_infix_fingerprint_v002.json,32,local_split_entropy_equivalence_classes,3,0.0,0.25,title,title,9,h/w,"[""h/w""]",1,31,155,0.2
2,block_infix_fingerprint_v002.json,32,local_split_entropy_equivalence_classes,3,0.0,0.25,title,title,10,#44,"[""#44""]",1,38,155,0.24516129032258063
2,block_infix_fingerprint_v002.json,32,local_split_entropy_equivalence_classes,3,0.0,0.25,title,title,11,'eq,"[""'eq""]",1,32,155,0.2064516129032258
2,block_infix_fingerprint_v002.json,32,local_split_entropy_equivalence_classes,3,0.0,0.25,title,title,12,-2-,"[""-2-""]",1,35,155,0.22580645161290322
2,block_infix_fingerprint_v002.json,32,local_split_entropy_equivalence_classes,3,0.0,0.25,title,title,13, 6.,"["" 6.""]",1,37,155,0.23870967741935484
2,block_infix_fingerprint_v002.json,32,local_split_entropy_equivalence_classes,3,0.0,0.25,title,title,14,' &,"[""' &""]",1,28,155,0.18064516129032257
2,block_infix_fingerprint_v002.json,32,local_split_entropy_equivalence_classes,3,0.0,0.25,title,title,15, 9.,"["" 9.""]",1,25,155,0.16129032258064516
2,block_infix_fingerprint_v002.json,32,local_split_entropy_equivalence_classes,3,0.0,0.25,title,title,16,$40,"[""$40""]",1,23,155,0.14838709677419354
2,block_infix_fingerprint_v002.json,32,local_split_entropy_equivalence_classes,3,0.0,0.25,title,title,17, 4e,"["" 4e""]",1,22,155,0.14193548387096774
2,block_infix_fingerprint_v002.json,32,local_split_entropy_equivalence_classes,3,0.0,0.25,title,title,18, cm,"["" cm""]",1,38,155,0.24516129032258063
2,block_infix_fingerprint_v002.json,32,local_split_entropy_equivalence_classes,3,0.0,0.25,title,title,19, f ,"["" f ""]",1,32,155,0.2064516129032258
2,block_infix_fingerprint_v002.json,32,local_split_entropy_equivalence_classes,3,0.0,0.25,title,title,20,!/c,"[""!/c""]",1,27,155,0.17419354838709677
2,block_infix_fingerprint_v002.json,32,local_split_entropy_equivalence_classes,3,0.0,0.25,title,title,21, # ,"["" # ""]",1,36,155,0.23225806451612904
2,block_infix_fingerprint_v002.json,32,local_split_entropy_equivalence_classes,3,0.0,0.25,title,title,22, (3,"["" (3""]",1,36,155,0.23225806451612904
2,block_infix_fingerprint_v002.json,32,local_split_entropy_equivalence_classes,3,0.0,0.25,title,title,23, 1r,"["" 1r""]",1,9,155,0.05806451612903226
2,block_infix_fingerprint_v002.json,32,local_split_entropy_equivalence_classes,3,0.0,0.25,title,title,24, 2!,"["" 2!""]",1,17,155,0.10967741935483871
2,block_infix_fingerprint_v002.json,32,local_split_entropy_equivalence_classes,3,0.0,0.25,title,title,25, 2a,"["" 2a""]",1,30,155,0.1935483870967742
2,block_infix_fingerprint_v002.json,32,local_split_entropy_equivalence_classes,3,0.0,0.25,title,title,26, 2k,"["" 2k""]",1,26,155,0.16774193548387098
2,block_infix_fingerprint_v002.json,32,local_split_entropy_equivalence_classes,3,0.0,0.25,title,title,27, 8.,"["" 8.""]",1,31,155,0.2
2,block_infix_fingerprint_v002.json,32,local_split_entropy_equivalence_classes,3,0.0,0.25,title,title,28, (y,"["" (y""]",1,31,155,0.2
2,block_infix_fingerprint_v002.json,32,local_split_entropy_equivalence_classes,3,0.0,0.25,title,title,29, 1e,"["" 1e""]",1,36,155,0.23225806451612904
2,block_infix_fingerprint_v002.json,32,local_split_entropy_equivalence_classes,3,0.0,0.25,title,title,30," i,","["" i,""]",1,25,155,0.16129032258064516
2,block_infix_fingerprint_v002.json,32,local_split_entropy_equivalence_classes,3,0.0,0.25,title,title,31, km,"["" km""]",1,28,155,0.18064516129032257
3,block_infix_fingerprint_v003.json,64,local_split_entropy_equivalence_classes,3,0.0,0.25,title,title,0, $2,"["" $2""]",1,38,155,0.24516129032258063
3,block_infix_fingerprint_v003.json,64,local_split_entropy_equivalence_classes,3,0.0,0.25,title,title,1,ux:,"[""ux:""]",1,38,155,0.24516129032258063
3,block_infix_fingerprint_v003.json,64,local_split_entropy_equivalence_classes,3,0.0,0.25,title,title,2,wup,"[""wup""]",1,37,155,0.23870967741935484
3,block_infix_fingerprint_v003.json,64,local_split_entropy_equivalence_classes,3,0.0,0.25,title,title,3,10/,"[""10/""]",1,36,155,0.23225806451612904
3,block_infix_fingerprint_v003.json,64,local_split_entropy_equivalence_classes,3,0.0,0.25,title,title,4,$20,"[""$20""]",1,27,155,0.17419354838709677
3,block_infix_fingerprint_v003.json,64,local_split_entropy_equivalence_classes,3,0.0,0.25,title,title,5,'ed,"[""'ed""]",1,35,155,0.22580645161290322
3,block_infix_fingerprint_v003.json,64,local_split_entropy_equivalence_classes,3,0.0,0.25,title,title,6,kyw,"[""kyw""]",1,33,155,0.2129032258064516
3,block_infix_fingerprint_v003.json,64,local_split_entropy_equivalence_classes,3,0.0,0.25,title,title,7,owu,"[""owu""]",1,34,155,0.21935483870967742
3,block_infix_fingerprint_v003.json,64,local_split_entropy_equivalence_classes,3,0.0,0.25,title,title,8,39 ,"[""39 ""]",1,35,155,0.22580645161290322
3,block_infix_fingerprint_v003.json,64,local_split_entropy_equivalence_classes,3,0.0,0.25,title,title,9,h/w,"[""h/w""]",1,31,155,0.2
3,block_infix_fingerprint_v003.json,64,local_split_entropy_equivalence_classes,3,0.0,0.25,title,title,10,#44,"[""#44""]",1,38,155,0.24516129032258063
3,block_infix_fingerprint_v003.json,64,local_split_entropy_equivalence_classes,3,0.0,0.25,title,title,11,'eq,"[""'eq""]",1,32,155,0.2064516129032258
3,block_infix_fingerprint_v003.json,64,local_split_entropy_equivalence_classes,3,0.0,0.25,title,title,12,-2-,"[""-2-""]",1,35,155,0.22580645161290322
3,block_infix_fingerprint_v003.json,64,local_split_entropy_equivalence_classes,3,0.0,0.25,title,title,13, 6.,"["" 6.""]",1,37,155,0.23870967741935484
3,block_infix_fingerprint_v003.json,64,local_split_entropy_equivalence_classes,3,0.0,0.25,title,title,14,' &,"[""' &""]",1,28,155,0.18064516129032257
3,block_infix_fingerprint_v003.json,64,local_split_entropy_equivalence_classes,3,0.0,0.25,title,title,15, 9.,"["" 9.""]",1,25,155,0.16129032258064516
3,block_infix_fingerprint_v003.json,64,local_split_entropy_equivalence_classes,3,0.0,0.25,title,title,16,$40,"[""$40""]",1,23,155,0.14838709677419354
3,block_infix_fingerprint_v003.json,64,local_split_entropy_equivalence_classes,3,0.0,0.25,title,title,17, 4e,"["" 4e""]",1,22,155,0.14193548387096774
3,block_infix_fingerprint_v003.json,64,local_split_entropy_equivalence_classes,3,0.0,0.25,title,title,18, cm,"["" cm""]",1,38,155,0.24516129032258063
3,block_infix_fingerprint_v003.json,64,local_split_entropy_equivalence_classes,3,0.0,0.25,title,title,19, f ,"["" f ""]",1,32,155,0.2064516129032258
3,block_infix_fingerprint_v003.json,64,local_split_entropy_equivalence_classes,3,0.0,0.25,title,title,20,!/c,"[""!/c""]",1,27,155,0.17419354838709677
3,block_infix_fingerprint_v003.json,64,local_split_entropy_equivalence_classes,3,0.0,0.25,title,title,21, # ,"["" # ""]",1,36,155,0.23225806451612904
3,block_infix_fingerprint_v003.json,64,local_split_entropy_equivalence_classes,3,0.0,0.25,title,title,22, (3,"["" (3""]",1,36,155,0.23225806451612904
3,block_infix_fingerprint_v003.json,64,local_split_entropy_equivalence_classes,3,0.0,0.25,title,title,23, 1r,"["" 1r""]",1,9,155,0.05806451612903226
3,block_infix_fingerprint_v003.json,64,local_split_entropy_equivalence_classes,3,0.0,0.25,title,title,24, 2!,"["" 2!""]",1,17,155,0.10967741935483871
3,block_infix_fingerprint_v003.json,64,local_split_entropy_equivalence_classes,3,0.0,0.25,title,title,25, 2a,"["" 2a""]",1,30,155,0.1935483870967742
3,block_infix_fingerprint_v003.json,64,local_split_entropy_equivalence_classes,3,0.0,0.25,title,title,26, 2k,"["" 2k""]",1,26,155,0.16774193548387098
3,block_infix_fingerprint_v003.json,64,local_split_entropy_equivalence_classes,3,0.0,0.25,title,title,27, 8.,"["" 8.""]",1,31,155,0.2
3,block_infix_fingerprint_v003.json,64,local_split_entropy_equivalence_classes,3,0.0,0.25,title,title,28, (y,"["" (y""]",1,31,155,0.2
3,block_infix_fingerprint_v003.json,64,local_split_entropy_equivalence_classes,3,0.0,0.25,title,title,29, 1e,"["" 1e""]",1,36,155,0.23225806451612904
3,block_infix_fingerprint_v003.json,64,local_split_entropy_equivalence_classes,3,0.0,0.25,title,title,30," i,","["" i,""]",1,25,155,0.16129032258064516
3,block_infix_fingerprint_v003.json,64,local_split_entropy_equivalence_classes,3,0.0,0.25,title,title,31, km,"["" km""]",1,28,155,0.18064516129032257
3,block_infix_fingerprint_v003.json,64,local_split_entropy_equivalence_classes,3,0.0,0.25,title,title,32, 7.,"["" 7.""]",1,31,155,0.2
3,block_infix_fingerprint_v003.json,64,local_split_entropy_equivalence_classes,3,0.0,0.25,title,title,33, fd,"["" fd""]",1,23,155,0.14838709677419354
3,block_infix_fingerprint_v003.json,64,local_split_entropy_equivalence_classes,3,0.0,0.25,title,title,34, 'z,"["" 'z""]",1,35,155,0.22580645161290322
3,block_infix_fingerprint_v003.json,64,local_split_entropy_equivalence_classes,3,0.0,0.25,title,title,35," ""d","["" \""d""]",1,7,155,0.04516129032258064
3,block_infix_fingerprint_v003.json,64,local_split_entropy_equivalence_classes,3,0.0,0.25,title,title,36," ""m","["" \""m""]",1,11,155,0.07096774193548387
3,block_infix_fingerprint_v003.json,64,local_split_entropy_equivalence_classes,3,0.0,0.25,title,title,37," ""n","["" \""n""]",1,6,155,0.03870967741935484
3,block_infix_fingerprint_v003.json,64,local_split_entropy_equivalence_classes,3,0.0,0.25,title,title,38," ""s","["" \""s""]",1,17,155,0.10967741935483871
3,block_infix_fingerprint_v003.json,64,local_split_entropy_equivalence_classes,3,0.0,0.25,title,title,39," ""t","["" \""t""]",1,20,155,0.12903225806451613
3,block_infix_fingerprint_v003.json,64,local_split_entropy_equivalence_classes,3,0.0,0.25,title,title,40, $7,"["" $7""]",1,8,155,0.05161290322580645
3,block_infix_fingerprint_v003.json,64,local_split_entropy_equivalence_classes,3,0.0,0.25,title,title,41, '2,"["" '2""]",1,29,155,0.1870967741935484
3,block_infix_fingerprint_v003.json,64,local_split_entropy_equivalence_classes,3,0.0,0.25,title,title,42, 'q,"["" 'q""]",1,19,155,0.12258064516129032
3,block_infix_fingerprint_v003.json,64,local_split_entropy_equivalence_classes,3,0.0,0.25,title,title,43, (#,"["" (#""]",1,17,155,0.10967741935483871
3,block_infix_fingerprint_v003.json,64,local_split_entropy_equivalence_classes,3,0.0,0.25,title,title,44, (',"["" ('""]",1,10,155,0.06451612903225806
3,block_infix_fingerprint_v003.json,64,local_split_entropy_equivalence_classes,3,0.0,0.25,title,title,45, (4,"["" (4""]",1,16,155,0.1032258064516129
3,block_infix_fingerprint_v003.json,64,local_split_entropy_equivalence_classes,3,0.0,0.25,title,title,46, 0-,"["" 0-""]",1,11,155,0.07096774193548387
3,block_infix_fingerprint_v003.json,64,local_split_entropy_equivalence_classes,3,0.0,0.25,title,title,47, 1a,"["" 1a""]",1,32,155,0.2064516129032258
3,block_infix_fingerprint_v003.json,64,local_split_entropy_equivalence_classes,3,0.0,0.25,title,title,48, 2e,"["" 2e""]",1,38,155,0.24516129032258063
3,block_infix_fingerprint_v003.json,64,local_split_entropy_equivalence_classes,3,0.0,0.25,title,title,49, 4k,"["" 4k""]",1,6,155,0.03870967741935484
3,block_infix_fingerprint_v003.json,64,local_split_entropy_equivalence_classes,3,0.0,0.25,title,title,50," ""i","["" \""i""]",1,9,155,0.05806451612903226
3,block_infix_fingerprint_v003.json,64,local_split_entropy_equivalence_classes,3,0.0,0.25,title,title,51, $4,"["" $4""]",1,17,155,0.10967741935483871
3,block_infix_fingerprint_v003.json,64,local_split_entropy_equivalence_classes,3,0.0,0.25,title,title,52, '3,"["" '3""]",1,22,155,0.14193548387096774
3,block_infix_fingerprint_v003.json,64,local_split_entropy_equivalence_classes,3,0.0,0.25,title,title,53, 'x,"["" 'x""]",1,20,155,0.12903225806451613
3,block_infix_fingerprint_v003.json,64,local_split_entropy_equivalence_classes,3,0.0,0.25,title,title,54, (8,"["" (8""]",1,5,155,0.03225806451612903
3,block_infix_fingerprint_v003.json,64,local_split_entropy_equivalence_classes,3,0.0,0.25,title,title,55, 0 ,"["" 0 ""]",1,20,155,0.12903225806451613
3,block_infix_fingerprint_v003.json,64,local_split_entropy_equivalence_classes,3,0.0,0.25,title,title,56," 0,","["" 0,""]",1,8,155,0.05161290322580645
3,block_infix_fingerprint_v003.json,64,local_split_entropy_equivalence_classes,3,0.0,0.25,title,title,57, 0.,"["" 0.""]",1,13,155,0.08387096774193549
3,block_infix_fingerprint_v003.json,64,local_split_entropy_equivalence_classes,3,0.0,0.25,title,title,58, 2d,"["" 2d""]",1,18,155,0.11612903225806452
3,block_infix_fingerprint_v003.json,64,local_split_entropy_equivalence_classes,3,0.0,0.25,title,title,59, 3),"["" 3)""]",1,19,155,0.12258064516129032
3,block_infix_fingerprint_v003.json,64,local_split_entropy_equivalence_classes,3,0.0,0.25,title,title,60, 4x,"["" 4x""]",1,13,155,0.08387096774193549
3,block_infix_fingerprint_v003.json,64,local_split_entropy_equivalence_classes,3,0.0,0.25,title,title,61, 5-,"["" 5-""]",1,32,155,0.2064516129032258
3,block_infix_fingerprint_v003.json,64,local_split_entropy_equivalence_classes,3,0.0,0.25,title,title,62," 6,","["" 6,""]",1,32,155,0.2064516129032258
3,block_infix_fingerprint_v003.json,64,local_split_entropy_equivalence_classes,3,0.0,0.25,title,title,63, 7a,"["" 7a""]",1,8,155,0.05161290322580645
4,block_infix_fingerprint_v004.json,128,local_split_entropy_equivalence_classes,3,0.0,0.25,title,title,0, $2,"["" $2""]",1,38,155,0.24516129032258063
4,block_infix_fingerprint_v004.json,128,local_split_entropy_equivalence_classes,3,0.0,0.25,title,title,1,ux:,"[""ux:""]",1,38,155,0.24516129032258063
4,block_infix_fingerprint_v004.json,128,local_split_entropy_equivalence_classes,3,0.0,0.25,title,title,2,wup,"[""wup""]",1,37,155,0.23870967741935484
4,block_infix_fingerprint_v004.json,128,local_split_entropy_equivalence_classes,3,0.0,0.25,title,title,3,10/,"[""10/""]",1,36,155,0.23225806451612904
4,block_infix_fingerprint_v004.json,128,local_split_entropy_equivalence_classes,3,0.0,0.25,title,title,4,$20,"[""$20""]",1,27,155,0.17419354838709677
4,block_infix_fingerprint_v004.json,128,local_split_entropy_equivalence_classes,3,0.0,0.25,title,title,5,'ed,"[""'ed""]",1,35,155,0.22580645161290322
4,block_infix_fingerprint_v004.json,128,local_split_entropy_equivalence_classes,3,0.0,0.25,title,title,6,kyw,"[""kyw""]",1,33,155,0.2129032258064516
4,block_infix_fingerprint_v004.json,128,local_split_entropy_equivalence_classes,3,0.0,0.25,title,title,7,owu,"[""owu""]",1,34,155,0.21935483870967742
4,block_infix_fingerprint_v004.json,128,local_split_entropy_equivalence_classes,3,0.0,0.25,title,title,8,39 ,"[""39 ""]",1,35,155,0.22580645161290322
4,block_infix_fingerprint_v004.json,128,local_split_entropy_equivalence_classes,3,0.0,0.25,title,title,9,h/w,"[""h/w""]",1,31,155,0.2
4,block_infix_fingerprint_v004.json,128,local_split_entropy_equivalence_classes,3,0.0,0.25,title,title,10,#44,"[""#44""]",1,38,155,0.24516129032258063
4,block_infix_fingerprint_v004.json,128,local_split_entropy_equivalence_classes,3,0.0,0.25,title,title,11,'eq,"[""'eq""]",1,32,155,0.2064516129032258
4,block_infix_fingerprint_v004.json,128,local_split_entropy_equivalence_classes,3,0.0,0.25,title,title,12,-2-,"[""-2-""]",1,35,155,0.22580645161290322
4,block_infix_fingerprint_v004.json,128,local_split_entropy_equivalence_classes,3,0.0,0.25,title,title,13, 6.,"["" 6.""]",1,37,155,0.23870967741935484
4,block_infix_fingerprint_v004.json,128,local_split_entropy_equivalence_classes,3,0.0,0.25,title,title,14,' &,"[""' &""]",1,28,155,0.18064516129032257
4,block_infix_fingerprint_v004.json,128,local_split_entropy_equivalence_classes,3,0.0,0.25,title,title,15, 9.,"["" 9.""]",1,25,155,0.16129032258064516
4,block_infix_fingerprint_v004.json,128,local_split_entropy_equivalence_classes,3,0.0,0.25,title,title,16,$40,"[""$40""]",1,23,155,0.14838709677419354
4,block_infix_fingerprint_v004.json,128,local_split_entropy_equivalence_classes,3,0.0,0.25,title,title,17, 4e,"["" 4e""]",1,22,155,0.14193548387096774
4,block_infix_fingerprint_v004.json,128,local_split_entropy_equivalence_classes,3,0.0,0.25,title,title,18, cm,"["" cm""]",1,38,155,0.24516129032258063
4,block_infix_fingerprint_v004.json,128,local_split_entropy_equivalence_classes,3,0.0,0.25,title,title,19, f ,"["" f ""]",1,32,155,0.2064516129032258
4,block_infix_fingerprint_v004.json,128,local_split_entropy_equivalence_classes,3,0.0,0.25,title,title,20,!/c,"[""!/c""]",1,27,155,0.17419354838709677
4,block_infix_fingerprint_v004.json,128,local_split_entropy_equivalence_classes,3,0.0,0.25,title,title,21, # ,"["" # ""]",1,36,155,0.23225806451612904
4,block_infix_fingerprint_v004.json,128,local_split_entropy_equivalence_classes,3,0.0,0.25,title,title,22, (3,"["" (3""]",1,36,155,0.23225806451612904
4,block_infix_fingerprint_v004.json,128,local_split_entropy_equivalence_classes,3,0.0,0.25,title,title,23, 1r,"["" 1r""]",1,9,155,0.05806451612903226
4,block_infix_fingerprint_v004.json,128,local_split_entropy_equivalence_classes,3,0.0,0.25,title,title,24, 2!,"["" 2!""]",1,17,155,0.10967741935483871
4,block_infix_fingerprint_v004.json,128,local_split_entropy_equivalence_classes,3,0.0,0.25,title,title,25, 2a,"["" 2a""]",1,30,155,0.1935483870967742
4,block_infix_fingerprint_v004.json,128,local_split_entropy_equivalence_classes,3,0.0,0.25,title,title,26, 2k,"["" 2k""]",1,26,155,0.16774193548387098
4,block_infix_fingerprint_v004.json,128,local_split_entropy_equivalence_classes,3,0.0,0.25,title,title,27, 8.,"["" 8.""]",1,31,155,0.2
4,block_infix_fingerprint_v004.json,128,local_split_entropy_equivalence_classes,3,0.0,0.25,title,title,28, (y,"["" (y""]",1,31,155,0.2
4,block_infix_fingerprint_v004.json,128,local_split_entropy_equivalence_classes,3,0.0,0.25,title,title,29, 1e,"["" 1e""]",1,36,155,0.23225806451612904
4,block_infix_fingerprint_v004.json,128,local_split_entropy_equivalence_classes,3,0.0,0.25,title,title,30," i,","["" i,""]",1,25,155,0.16129032258064516
4,block_infix_fingerprint_v004.json,128,local_split_entropy_equivalence_classes,3,0.0,0.25,title,title,31, km,"["" km""]",1,28,155,0.18064516129032257
4,block_infix_fingerprint_v004.json,128,local_split_entropy_equivalence_classes,3,0.0,0.25,title,title,32, 7.,"["" 7.""]",1,31,155,0.2
4,block_infix_fingerprint_v004.json,128,local_split_entropy_equivalence_classes,3,0.0,0.25,title,title,33, fd,"["" fd""]",1,23,155,0.14838709677419354
4,block_infix_fingerprint_v004.json,128,local_split_entropy_equivalence_classes,3,0.0,0.25,title,title,34, 'z,"["" 'z""]",1,35,155,0.22580645161290322
4,block_infix_fingerprint_v004.json,128,local_split_entropy_equivalence_classes,3,0.0,0.25,title,title,35," ""d","["" \""d""]",1,7,155,0.04516129032258064
4,block_infix_fingerprint_v004.json,128,local_split_entropy_equivalence_classes,3,0.0,0.25,title,title,36," ""m","["" \""m""]",1,11,155,0.07096774193548387
4,block_infix_fingerprint_v004.json,128,local_split_entropy_equivalence_classes,3,0.0,0.25,title,title,37," ""n","["" \""n""]",1,6,155,0.03870967741935484
4,block_infix_fingerprint_v004.json,128,local_split_entropy_equivalence_classes,3,0.0,0.25,title,title,38," ""s","["" \""s""]",1,17,155,0.10967741935483871
4,block_infix_fingerprint_v004.json,128,local_split_entropy_equivalence_classes,3,0.0,0.25,title,title,39," ""t","["" \""t""]",1,20,155,0.12903225806451613
4,block_infix_fingerprint_v004.json,128,local_split_entropy_equivalence_classes,3,0.0,0.25,title,title,40, $7,"["" $7""]",1,8,155,0.05161290322580645
4,block_infix_fingerprint_v004.json,128,local_split_entropy_equivalence_classes,3,0.0,0.25,title,title,41, '2,"["" '2""]",1,29,155,0.1870967741935484
4,block_infix_fingerprint_v004.json,128,local_split_entropy_equivalence_classes,3,0.0,0.25,title,title,42, 'q,"["" 'q""]",1,19,155,0.12258064516129032
4,block_infix_fingerprint_v004.json,128,local_split_entropy_equivalence_classes,3,0.0,0.25,title,title,43, (#,"["" (#""]",1,17,155,0.10967741935483871
4,block_infix_fingerprint_v004.json,128,local_split_entropy_equivalence_classes,3,0.0,0.25,title,title,44, (',"["" ('""]",1,10,155,0.06451612903225806
4,block_infix_fingerprint_v004.json,128,local_split_entropy_equivalence_classes,3,0.0,0.25,title,title,45, (4,"["" (4""]",1,16,155,0.1032258064516129
4,block_infix_fingerprint_v004.json,128,local_split_entropy_equivalence_classes,3,0.0,0.25,title,title,46, 0-,"["" 0-""]",1,11,155,0.07096774193548387
4,block_infix_fingerprint_v004.json,128,local_split_entropy_equivalence_classes,3,0.0,0.25,title,title,47, 1a,"["" 1a""]",1,32,155,0.2064516129032258
4,block_infix_fingerprint_v004.json,128,local_split_entropy_equivalence_classes,3,0.0,0.25,title,title,48, 2e,"["" 2e""]",1,38,155,0.24516129032258063
4,block_infix_fingerprint_v004.json,128,local_split_entropy_equivalence_classes,3,0.0,0.25,title,title,49, 4k,"["" 4k""]",1,6,155,0.03870967741935484
4,block_infix_fingerprint_v004.json,128,local_split_entropy_equivalence_classes,3,0.0,0.25,title,title,50," ""i","["" \""i""]",1,9,155,0.05806451612903226
4,block_infix_fingerprint_v004.json,128,local_split_entropy_equivalence_classes,3,0.0,0.25,title,title,51, $4,"["" $4""]",1,17,155,0.10967741935483871
4,block_infix_fingerprint_v004.json,128,local_split_entropy_equivalence_classes,3,0.0,0.25,title,title,52, '3,"["" '3""]",1,22,155,0.14193548387096774
4,block_infix_fingerprint_v004.json,128,local_split_entropy_equivalence_classes,3,0.0,0.25,title,title,53, 'x,"["" 'x""]",1,20,155,0.12903225806451613
4,block_infix_fingerprint_v004.json,128,local_split_entropy_equivalence_classes,3,0.0,0.25,title,title,54, (8,"["" (8""]",1,5,155,0.03225806451612903
4,block_infix_fingerprint_v004.json,128,local_split_entropy_equivalence_classes,3,0.0,0.25,title,title,55, 0 ,"["" 0 ""]",1,20,155,0.12903225806451613
4,block_infix_fingerprint_v004.json,128,local_split_entropy_equivalence_classes,3,0.0,0.25,title,title,56," 0,","["" 0,""]",1,8,155,0.05161290322580645
4,block_infix_fingerprint_v004.json,128,local_split_entropy_equivalence_classes,3,0.0,0.25,title,title,57, 0.,"["" 0.""]",1,13,155,0.08387096774193549
4,block_infix_fingerprint_v004.json,128,local_split_entropy_equivalence_classes,3,0.0,0.25,title,title,58, 2d,"["" 2d""]",1,18,155,0.11612903225806452
4,block_infix_fingerprint_v004.json,128,local_split_entropy_equivalence_classes,3,0.0,0.25,title,title,59, 3),"["" 3)""]",1,19,155,0.12258064516129032
4,block_infix_fingerprint_v004.json,128,local_split_entropy_equivalence_classes,3,0.0,0.25,title,title,60, 4x,"["" 4x""]",1,13,155,0.08387096774193549
4,block_infix_fingerprint_v004.json,128,local_split_entropy_equivalence_classes,3,0.0,0.25,title,title,61, 5-,"["" 5-""]",1,32,155,0.2064516129032258
4,block_infix_fingerprint_v004.json,128,local_split_entropy_equivalence_classes,3,0.0,0.25,title,title,62," 6,","["" 6,""]",1,32,155,0.2064516129032258
4,block_infix_fingerprint_v004.json,128,local_split_entropy_equivalence_classes,3,0.0,0.25,title,title,63, 7a,"["" 7a""]",1,8,155,0.05161290322580645
4,block_infix_fingerprint_v004.json,128,local_split_entropy_equivalence_classes,3,0.0,0.25,title,title,64, 8-,"["" 8-""]",1,22,155,0.14193548387096774
4,block_infix_fingerprint_v004.json,128,local_split_entropy_equivalence_classes,3,0.0,0.25,title,title,65, 9-,"["" 9-""]",1,29,155,0.1870967741935484
4,block_infix_fingerprint_v004.json,128,local_split_entropy_equivalence_classes,3,0.0,0.25,title,title,66, [t,"["" [t""]",1,3,155,0.01935483870967742
4,block_infix_fingerprint_v004.json,128,local_split_entropy_equivalence_classes,3,0.0,0.25,title,title,67, ! ,"["" ! ""]",1,2,155,0.012903225806451613
4,block_infix_fingerprint_v004.json,128,local_split_entropy_equivalence_classes,3,0.0,0.25,title,title,68, !/,"["" !/"", "" m9"", "" q5"", "" wj"", ""! !"", ""&mi"", ""'r,"", ""(6 "", "",05"", ""-f?"", ""/uh"", ""16k"", ""2)!"", ""5is"", ""6),"", ""6k "", "":53"", "":ti"", ""a!\"""", ""a4o"", ""al4"", ""b'w"", ""bgw"", ""cg:"", ""er&"", ""ilx"", ""jms"", ""l:-"", ""m8/"", ""m?!"", ""mj:"", ""mkj"", ""mv3"", ""mxg"", ""o55"", ""o56"", ""o58"", ""o63"", ""o69"", ""o73"", ""o81"", ""o83"", ""o90"", ""o94"", ""qo:"", ""r**"", ""t50"", ""ta4"", ""vlb"", ""xm8"", ""ydv"", ""yvt"", ""yy-""]",53,1,155,0.0064516129032258064
4,block_infix_fingerprint_v004.json,128,local_split_entropy_equivalence_classes,3,0.0,0.25,title,title,69," ""a","["" \""a""]",1,7,155,0.04516129032258064
4,block_infix_fingerprint_v004.json,128,local_split_entropy_equivalence_classes,3,0.0,0.25,title,title,70," ""b","["" \""b""]",1,8,155,0.05161290322580645
4,block_infix_fingerprint_v004.json,128,local_split_entropy_equivalence_classes,3,0.0,0.25,title,title,71," ""e","["" \""e""]",1,5,155,0.03225806451612903
4,block_infix_fingerprint_v004.json,128,local_split_entropy_equivalence_classes,3,0.0,0.25,title,title,72," ""f","["" \""f""]",1,3,155,0.01935483870967742
4,block_infix_fingerprint_v004.json,128,local_split_entropy_equivalence_classes,3,0.0,0.25,title,title,73," ""g","["" \""g""]",1,2,155,0.012903225806451613
4,block_infix_fingerprint_v004.json,128,local_split_entropy_equivalence_classes,3,0.0,0.25,title,title,74," ""h","["" \""h""]",1,3,155,0.01935483870967742
4,block_infix_fingerprint_v004.json,128,local_split_entropy_equivalence_classes,3,0.0,0.25,title,title,75," ""k","["" \""k""]",1,4,155,0.025806451612903226
4,block_infix_fingerprint_v004.json,128,local_split_entropy_equivalence_classes,3,0.0,0.25,title,title,76," ""o","["" \""o""]",1,5,155,0.03225806451612903
4,block_infix_fingerprint_v004.json,128,local_split_entropy_equivalence_classes,3,0.0,0.25,title,title,77," ""q","["" \""q"", ""\""fi"", ""\""qu"", ""'wl"", "")fu"", "".-g"", "".1'"", "".d!"", ""0/e"", ""0?/"", ""0hr"", ""3ha"", ""6x0"", ""@ce"", ""a3z"", ""a5h"", ""ab5"", ""ck\"""", ""dx8"", ""e20"", ""f@c"", ""fb5"", ""flb"", ""flw"", ""g!\"""", ""gkc"", ""jmp"", ""kft"", ""la5"", ""os&"", ""p)f"", ""p3x"", ""pbj"", ""pr2"", ""ps\"""", ""r21"", ""r3h"", ""rxt"", ""sv:"", ""wlb"", ""x04"", ""xyd"", ""zsn""]",43,1,155,0.0064516129032258064
4,block_infix_fingerprint_v004.json,128,local_split_entropy_equivalence_classes,3,0.0,0.25,title,title,78," ""r","["" \""r""]",1,7,155,0.04516129032258064
4,block_infix_fingerprint_v004.json,128,local_split_entropy_equivalence_classes,3,0.0,0.25,title,title,79, #$,"["" #$""]",1,5,155,0.03225806451612903
4,block_infix_fingerprint_v004.json,128,local_split_entropy_equivalence_classes,3,0.0,0.25,title,title,80, #@,"["" #@""]",1,3,155,0.01935483870967742
4,block_infix_fingerprint_v004.json,128,local_split_entropy_equivalence_classes,3,0.0,0.25,title,title,81, $0,"["" $0"", ""95b""]",2,2,155,0.012903225806451613
4,block_infix_fingerprint_v004.json,128,local_split_entropy_equivalence_classes,3,0.0,0.25,title,title,82, $3,"["" $3""]",1,14,155,0.09032258064516129
4,block_infix_fingerprint_v004.json,128,local_split_entropy_equivalence_classes,3,0.0,0.25,title,title,83, $6,"["" $6""]",1,13,155,0.08387096774193549
4,block_infix_fingerprint_v004.json,128,local_split_entropy_equivalence_classes,3,0.0,0.25,title,title,84, % ,"["" % ""]",1,2,155,0.012903225806451613
4,block_infix_fingerprint_v004.json,128,local_split_entropy_equivalence_classes,3,0.0,0.25,title,title,85, -f,"["" -f"", "" -p"", "" ?!"", "" s5"", ""\"" g"", ""$7."", ""(gw"", "")be"", "",3:"", "",76"", ""-4/"", ""-c3"", "".c/"", ""/1:"", ""/iw"", ""08?"", ""??!"", ""_cr"", ""`ph"", ""a37"", ""a`s"", ""agq"", ""bf/"", ""d_c"", ""e60"", ""ex("", ""fg!"", ""gnl"", ""gu/"", ""i'p"", ""i`s"", ""jt?"", ""k \"""", ""k/5"", ""lxb"", ""m:t"", ""ma`"", ""n)b"", ""nrd"", ""olx"", ""pzz"", ""ri`"", ""s55"", ""sgn"", ""x(t"", ""xa4"", ""yu;""]",47,1,155,0.0064516129032258064
4,block_infix_fingerprint_v004.json,128,local_split_entropy_equivalence_classes,3,0.0,0.25,title,title,86,  b,"[""  b"", ""#t "", ""''e"", "")au"", ""*fi"", ""-iq"", "".ji"", ""/*f"", ""/d2"", ""/ie"", ""/pt"", ""16'"", ""21?"", ""? &"", ""bgm"", ""c*o"", ""dfb"", ""dr0"", ""e&c"", ""ec*"", ""euo"", ""f/'"", ""g  "", ""g'h"", ""h#t"", ""h)a"", ""ho*"", ""i+ "", ""i-7"", ""jp/"", ""li+"", ""m?'"", ""n/*"", ""nqt"", ""or*"", ""p/9"", ""sh#"", ""t)i"", ""tb'"", ""ttd"", ""wtv"", ""x!/""]",42,1,155,0.0064516129032258064
4,block_infix_fingerprint_v004.json,128,local_split_entropy_equivalence_classes,3,0.0,0.25,title,title,87,  s,"[""  s""]",1,2,155,0.012903225806451613
4,block_infix_fingerprint_v004.json,128,local_split_entropy_equivalence_classes,3,0.0,0.25,title,title,88,  z,"[""  z"", "" *h"", "" yx"", ""'e,"", ""'m-"", ""*c*"", ""-gs"", ""14+"", ""1ns"", ""2ik"", ""3?!"", ""8.c"", ""8ad"", ""a  "", ""c*h"", ""e:6"", ""fcr"", ""j1n"", ""lm*"", ""m*o"", ""m2."", ""m8."", ""nfg"", ""nqm"", ""ocw"", ""p/3"", ""r  "", ""rt*"", ""t* "", ""t*c"", ""u-)"", ""wy/"", ""yxl"", ""~ g""]",34,1,155,0.0064516129032258064
4,block_infix_fingerprint_v004.json,128,local_split_entropy_equivalence_classes,3,0.0,0.25,title,title,89, !!,"["" !!""]",1,2,155,0.012903225806451613
4,block_infix_fingerprint_v004.json,128,local_split_entropy_equivalence_classes,3,0.0,0.25,title,title,90, !@,"["" !@"", "" c4"", "" {p"", ""!@#"", ""#$i"", ""$ d"", ""$$'"", ""$%^"", ""$'$"", ""% 7"", ""&*!"", ""-vy"", ""-xv"", "".-n"", "".tw"", "".z:"", ""0bo"", ""0gy"", ""3dn"", ""3s:"", ""40g"", ""6am"", ""7,9"", ""75!"", ""7ad"", ""99?"", ""9de"", "":fu"", ""@#$"", ""[di"", ""[oo"", ""^&*"", ""a&c"", ""ac("", ""ah;"", ""a~j"", ""bk:"", ""c21"", ""c5:"", ""c[d"", ""di$"", ""dj-"", ""e !"", ""e} "", ""ha&"", ""i$e"", ""jmw"", ""jpr"", ""jsu"", ""m.6"", ""mjm"", ""n.l"", ""n43"", ""n58"", ""ng2"", ""nmm"", ""npt"", ""nxl"", ""oc]"", ""pe3"", ""pr'"", ""qvr"", ""r {"", ""r(d"", ""re}"", ""s&d"", ""sc["", ""snm"", ""st]"", ""t21"", ""tjh"", ""tlf"", ""v2:"", ""xge"", ""xt2"", ""xv-"", ""y40"", ""y~t"", ""zdg"", ""zh)"", ""zhp"", ""{pa"", ""} s"", ""~jo"", ""~ti""]",85,1,155,0.0064516129032258064
4,block_infix_fingerprint_v004.json,128,local_split_entropy_equivalence_classes,3,0.0,0.25,title,title,91," "" ","["" \"" "", "" @."", ""# e"", ""$ e"", ""'vy"", ""(85"", ""(pq"", ""-y/"", "".0t"", "".5/"", ""/m-"", ""0/n"", ""0t "", ""2ra"", ""45i"", ""5/d"", ""59e"", ""7)!"", ""7q-"", ""97q"", ""@. "", ""a5 "", ""f9:"", ""fr:"", ""h88"", ""jfr"", ""jkm"", ""k)'"", ""lc'"", ""lz'"", ""mlf"", ""opq"", ""p/q"", ""pqp"", ""q-u"", ""qp "", ""r2n"", ""th8"", ""xjl"", ""z--"", ""z/q""]",41,1,155,0.0064516129032258064
4,block_infix_fingerprint_v004.json,128,local_split_entropy_equivalence_classes,3,0.0,0.25,title,title,92," "".","["" \""."", ""\"".."", ""&cc"", ""&ja"", ""*li"", ""+u."", "".\"" "", "".+u"", "".-l"", "".u "", ""/5."", ""1 %"", ""1 :"", ""1* "", ""11*"", ""2.p"", ""3.t"", ""53o"", ""6>9"", ""7er"", ""86>"", ""8ht"", "">98"", ""[ro"", ""a94"", ""ad*"", ""am9"", ""an&"", ""bh,"", ""ca]"", ""cmp"", ""d*l"", ""dx1"", ""e.+"", ""e.q"", ""e01"", ""ei8"", ""ew("", ""f26"", ""fbh"", ""fcg"", ""fdt"", ""fsj"", ""i8h"", ""jsw"", ""k&j"", ""ke0"", ""l',"", ""m(k"", ""m2s"", ""m99"", ""ms1"", ""mz,"", ""n&c"", ""nhv"", ""nlq"", ""om3"", ""oq:"", ""pa;"", ""ptd"", ""q.-"", ""ru;"", ""s.\"""", ""su$"", ""tvd"", ""u$e"", ""v15"", ""v49"", ""va1"", ""w(h"", ""wg."", ""x13"", ""xaj"", ""y):"", ""ydj"", ""yyg"", ""z-3""]",77,1,155,0.0064516129032258064
4,block_infix_fingerprint_v004.json,128,local_split_entropy_equivalence_classes,3,0.0,0.25,title,title,93," ""@","["" \""@"", "" c@"", ""!er"", ""\""@\"""", ""'uw"", ""(ub"", "")pu"", ""*4*"", ""+do"", ""/yn"", ""37x"", ""3p "", ""4*2"", ""7xs"", ""?!)"", ""@!e"", ""c@f"", ""e35"", ""fmy"", ""in1"", ""iyh"", ""ki~"", ""mvc"", ""njz"", ""oqt"", ""os+"", ""qto"", ""s+d"", ""sc4"", ""slt"", ""sw3"", ""t*4"", ""t7:"", ""vc3"", ""w $"", ""w--"", ""wdl"", ""y--"", ""zu)""]",39,1,155,0.0064516129032258064
4,block_infix_fingerprint_v004.json,128,local_split_entropy_equivalence_classes,3,0.0,0.25,title,title,94," ""c","["" \""c""]",1,6,155,0.03870967741935484
4,block_infix_fingerprint_v004.json,128,local_split_entropy_equivalence_classes,3,0.0,0.25,title,title,95," ""j","["" \""j"", ""!ni"", ""\""ji"", ""#05"", ""$.t"", ""$23"", ""& \"""", ""'.0"", ""'1e"", ""'gt"", "".$."", "".eu"", ""07%"", ""13g"", ""15z"", ""1e'"", ""3co"", ""3go"", ""5zl"", ""62/"", ""7%'"", ""75%"", ""7a/"", ""a ~"", ""b25"", ""b2w"", ""e&s"", ""g'b"", ""g4c"", ""h'f"", ""jkv"", ""k)h"", ""k3!"", ""ke&"", ""mwy"", ""n@w"", ""njl"", ""o/4"", ""or3"", ""php"", ""re~"", ""s&p"", ""s25"", ""tdc"", ""tnb"", ""ty5"", ""u.$"", ""v3s"", ""wb2"", ""wrt"", ""y5 "", ""ygb"", ""z!n"", ""z'l""]",54,1,155,0.0064516129032258064
4,block_infix_fingerprint_v004.json,128,local_split_entropy_equivalence_classes,3,0.0,0.25,title,title,96," ""l","["" \""l""]",1,4,155,0.025806451612903226
4,block_infix_fingerprint_v004.json,128,local_split_entropy_equivalence_classes,3,0.0,0.25,title,title,97," ""p","["" \""p""]",1,5,155,0.03225806451612903
4,block_infix_fingerprint_v004.json,128,local_split_entropy_equivalence_classes,3,0.0,0.25,title,title,98," ""w","["" \""w""]",1,5,155,0.03225806451612903
4,block_infix_fingerprint_v004.json,128,local_split_entropy_equivalence_classes,3,0.0,0.25,title,title,99," ""x","["" \""x"", ""\"" &"", ""\""it"", ""\""x\"""", ""#un"", ""'e!"", ""(cc"", ""(gm"", ""-ml"", "".i/"", ""/i:"", ""/iq"", ""0/z"", ""03h"", ""3an"", ""4/b"", ""47'"", ""6-a"", ""6h4"", ""7' "", ""75s"", ""8' "", ""as2"", ""cc?"", ""cn)"", ""g2 "", ""l30"", ""lrl"", ""m)!"", ""nm/"", ""p3/"", ""p91"", ""pnc"", ""vr'""]",34,1,155,0.0064516129032258064
4,block_infix_fingerprint_v004.json,128,local_split_entropy_equivalence_classes,3,0.0,0.25,title,title,100, #&,"["" #&"", "" 3w"", "" 8f"", ""!ja"", ""#&%"", ""&%#"", ""'ck"", ""'mp"", ""('t"", ""(*a"", ""*a "", ""+(d"", ""+li"", ""-bn"", ""-e?"", ""-t:"", "".kn"", ""0 7"", ""0ad"", ""10f"", ""2no"", ""4lo"", ""5.n"", ""6):"", ""8ft"", ""@lv"", ""_eq"", ""`m "", ""au2"", ""bcp"", ""d')"", ""d'q"", ""d)r"", ""d+("", ""e09"", ""ejp"", ""er4"", ""et_"", ""fxe"", ""g(o"", ""g@m"", ""gbf"", ""gp5"", ""gwl"", ""gxa"", ""h'r"", ""h.5"", ""h2n"", ""h52"", ""h_e"", ""hcw"", ""hkq"", ""i!j"", ""i*a"", ""i`m"", ""id4"", ""ixj"", ""jsg"", ""k3d"", ""kn'"", ""kq "", ""l+l"", ""lbd"", ""lo*"", ""m@m"", ""ni;"", ""o)o"", ""o@l"", ""om@"", ""ox1"", ""p50"", ""ppw"", ""py)"", ""r4l"", ""rgz"", ""rjj"", ""rs2"", ""rtq"", ""t_x"", ""te*"", ""th_"", ""tk-"", ""ul+"", ""v.f"", ""ve0"", ""w.y"", ""wji"", ""wmp"", ""xja"", ""y)a"", ""zt)""]",91,1,155,0.0064516129032258064
4,block_infix_fingerprint_v004.json,128,local_split_entropy_equivalence_classes,3,0.0,0.25,title,title,101, #*,"["" #*"", "" 1$"", "" 1]"", "" 2r"", "" @c"", "" [3"", "" _e"", "" _o"", "" t*"", "" u6"", ""$#@"", ""%$#"", ""(p1"", ""(sr"", "") q"", ""*%$"", ""*ll"", ""*r "", ""*wn"", ""..9"", "".v,"", ""/nj"", ""12]"", ""1nn"", ""1pt"", ""21l"", ""3d]"", ""3ge"", ""3jo"", ""4za"", ""5):"", ""6 7"", ""66s"", ""78,"", ""7on"", ""90]"", ""95%"", "":ec"", "":fl"", "":mo"", "":s:"", "":tr"", ""=am"", ""@!!"", ""@ct"", ""[15"", ""[3d"", ""[a]"", ""[o]"", ""]th"", ""_ t"", ""_ee"", ""_oo"", ""a19"", ""a]c"", ""aqf"", ""bhn"", ""bm7"", ""c7d"", ""cc7"", ""cr1"", ""d3j"", ""e _"", ""e:g"", ""e[a"", ""e_ "", ""ee_"", ""er="", ""ex@"", ""exj"", ""hml"", ""i7o"", ""i?,"", ""i] "", ""il4"", ""iuw"", ""j-8"", ""jc:"", ""jhb"", ""jo5"", ""l4z"", ""m*l"", ""m72"", ""mb2"", ""mg/"", ""mp2"", ""mrg"", ""mrv"", ""n:s"", ""nd3"", ""nmj"", ""nrx"", ""o]t"", ""oa1"", ""oo1"", ""ox3"", ""p13"", ""p2v"", ""p3n"", ""phx"", ""pi7"", ""pxx"", ""q-2"", ""qaj"", ""qf "", ""qoc"", ""r1n"", ""r1p"", ""r=a"", ""re="", ""re["", ""rh+"", ""rl;"", ""rxm"", ""s3g"", ""s:e"", ""sm*"", ""ss3"", ""t*w"", ""t.?"", ""tz@"", ""u!."", ""u67"", ""x @"", ""x@s"", ""xdr"", ""xju"", ""xyh"", ""yfn""]",129,1,155,0.0064516129032258064
4,block_infix_fingerprint_v004.json,128,local_split_entropy_equivalence_classes,3,0.0,0.25,title,title,102, #?,"["" #?"", "" jv"", "" v7"", ""$0 "", ""(az"", ""(g-"", ""(s-"", ""(uj"", ""**r"", ""+ni"", ""-kp"", ""12l"", ""1fi"", ""1m,"", ""2du"", ""2le"", ""30?"", ""85e"", "">ne"", ""ab2"", ""ay+"", ""b2f"", ""c:0"", ""ddx"", ""e3t"", ""e>n"", ""ea3"", ""em&"", ""f1:"", ""f2 "", ""fnw"", ""g.1"", ""g_l"", ""hhq"", ""i[s"", ""ie$"", ""jsn"", ""kpd"", ""l3 "", ""l4l"", ""l:1"", ""le>"", ""ly2"", ""ml:"", ""n27"", ""n59"", ""nwd"", ""nxy"", ""ogq"", ""ol4"", ""r36"", ""ru4"", ""s]t"", ""st2"", ""t(r"", ""tml"", ""u48"", ""ul("", ""v48"", ""v58"", ""v79"", ""vtl"", ""x19"", ""x70"", ""xi["", ""xuq"", ""xzu"", ""y+n"", ""y1f"", ""zln""]",70,1,155,0.0064516129032258064
4,block_infix_fingerprint_v004.json,128,local_split_entropy_equivalence_classes,3,0.0,0.25,title,title,103, $ ,"["" $ ""]",1,2,155,0.012903225806451613
4,block_infix_fingerprint_v004.json,128,local_split_entropy_equivalence_classes,3,0.0,0.25,title,title,104, $#,"["" $#""]",1,3,155,0.01935483870967742
4,block_infix_fingerprint_v004.json,128,local_split_entropy_equivalence_classes,3,0.0,0.25,title,title,105, $8,"["" $8""]",1,5,155,0.03225806451612903
4,block_infix_fingerprint_v004.json,128,local_split_entropy_equivalence_classes,3,0.0,0.25,title,title,106, $9,"["" $9""]",1,5,155,0.03225806451612903
4,block_infix_fingerprint_v004.json,128,local_split_entropy_equivalence_classes,3,0.0,0.25,title,title,107, $a,"["" $a""]",1,3,155,0.01935483870967742
4,block_infix_fingerprint_v004.json,128,local_split_entropy_equivalence_classes,3,0.0,0.25,title,title,108, $c,"["" $c"", "" -6"", "" 1y"", "" d,"", "" l@"", "" w+"", ""!bu"", ""$ch"", ""$lo"", ""''b"", ""'3:"", ""'ct"", ""'nf"", ""(a1"", ""(ct"", ""(yp"", "")th"", "")uf"", ""+1+"", ""+b="", ""-$2"", ""-)t"", ""-3."", ""-e1"", ""-ij"", "".3-"", "".av"", "".id"", ""/4l"", ""/76"", ""/82"", ""/vt"", ""00;"", ""04;"", ""06%"", ""08t"", ""0:e"", ""0;0"", ""0il"", ""1,9"", ""12'"", ""16w"", ""18?"", ""1;0"", ""1el"", ""1k:"", ""1kg"", ""1m2"", ""1yr"", ""22h"", ""27p"", ""29'"", ""2@2"", ""2h1"", ""2s:"", ""2wk"", ""3.g"", ""30i"", ""3:t"", ""3da"", ""4''"", ""41;"", ""42p"", ""49?"", ""4;4"", ""4co"", ""5'1"", ""5bx"", ""6'4"", ""6* "", ""63'"", ""67%"", ""6x8"", ""72k"", ""79_"", ""7p."", ""8'e"", ""82,"", ""8e8"", ""8k "", ""8xk"", ""9'4"", ""90+"", ""94?"", ""9_z"", "":24"", "";04"", "";41"", ""@bo"", ""_zn"", ""a(l"", ""a)n"", ""a1)"", ""a30"", ""ah+"", ""ah1"", ""b8-"", ""b=g"", ""bo*"", ""br/"", ""brj"", ""bx "", ""cmd"", ""cvu"", ""d'3"", ""e1!"", ""e88"", ""fdw"", ""fiw"", ""fpj"", ""g-$"", ""h15"", ""hz."", ""ie6"", ""kg-"", ""kn:"", ""kzy"", ""l--"", ""l@s"", ""m28"", ""mdj"", ""n1-"", ""oa."", ""p-)"", ""pt*"", ""pyq"", ""q'v"", ""q)u"", ""q.o"", ""rvg"", ""s.4"", ""t& "", ""t*h"", ""tk)"", ""tl)"", ""w+b"", ""w.f"", ""wd!"", ""x)r"", ""x-q"", ""x44"", ""xk6"", ""xoo"", ""xrc"", ""y''"", ""ykz"", ""z!b"", ""z./"", ""zgh""]",149,1,155,0.0064516129032258064
4,block_infix_fingerprint_v004.json,128,local_split_entropy_equivalence_classes,3,0.0,0.25,title,title,109, $h,"["" $h""]",1,5,155,0.03225806451612903
4,block_infix_fingerprint_v004.json,128,local_split_entropy_equivalence_classes,3,0.0,0.25,title,title,110, $l,"["" $l"", ""\"" -"", ""\""i\"""", ""$la"", ""%/t"", ""*tf"", ""-rc"", "".-u"", ""/\""m"", ""/2n"", ""/e3"", ""/rb"", ""1%/"", ""25?"", ""4- "", ""7/o"", ""bd/"", ""cck"", ""dwl"", ""e/\"""", ""g?\"""", ""gs]"", ""i.x"", ""lws"", ""mmw"", ""ny\"""", ""rl2"", ""spm"", ""sqw"", ""t @""]",30,1,155,0.0064516129032258064
4,block_infix_fingerprint_v004.json,128,local_split_entropy_equivalence_classes,3,0.0,0.25,title,title,111, $p,"["" $p"", "" ()"", "" 7i"", "" l:"", ""&t'"", ""();"", ""(l."", ""(qi"", ""(sd"", "")gr"", ""*04"", ""*t:"", ""-g!"", "".cr"", ""0f-"", ""20l"", ""2om"", ""2ov"", ""2x5"", ""3 9"", ""4:9"", ""70f"", ""7i "", ""9bc"", "":a "", ""=pr"", ""[ar"", ""[te"", ""b-8"", ""bn'"", ""ct+"", ""d-9"", ""dd7"", ""ds*"", ""f :"", ""fvu"", ""fx2"", ""g30"", ""gfj"", ""gjr"", ""gv1"", ""gwd"", ""gzz"", ""h&t"", ""h@h"", ""hi8"", ""hjr"", ""hp5"", ""hpg"", ""hvg"", ""i4n"", ""i:g"", ""im@"", ""iw'"", ""j 4"", ""j'p"", ""jj:"", ""jrm"", ""k.2"", ""kt("", ""md?"", ""mu~"", ""nsx"", ""oqv"", ""pe*"", ""pe2"", ""pv:"", ""q 8"", ""r)g"", ""rfv"", ""rh&"", ""ro2"", ""s*0"", ""s*a"", ""s=p"", ""t %"", ""t+m"", ""ti;"", ""tjb"", ""ts="", ""uow"", ""u~j"", ""v13"", ""vg3"", ""wpd"", ""wph"", ""yvl"", ""z.:"", ""ztz"", ""~jy""]",90,1,155,0.0064516129032258064
4,block_infix_fingerprint_v004.json,128,local_split_entropy_equivalence_classes,3,0.0,0.25,title,title,112, $t,"["" $t"", ""$tr""]",2,2,155,0.012903225806451613
4,block_infix_fingerprint_v004.json,128,local_split_entropy_equivalence_classes,3,0.0,0.25,title,title,113, $u,"["" $u"", "" 5y"", "" b@"", "" i0"", "" p,"", ""#%k"", ""#?!"", ""$up"", ""&yo"", ""''j"", ""''s"", ""'a:"", ""'sd"", ""(*h"", ""(3."", ""(h."", ""(xv"", "")rm"", ""*ha"", ""*ka"", ""-bs"", ""-gj"", ""-hn"", ""-q:"", ""-x3"", "".m@"", ""//j"", ""0i0"", ""15y"", ""18i"", ""2o,"", ""2od"", ""3 $"", ""3km"", ""42?"", ""5ec"", ""5to"", ""5ye"", ""5ys"", ""7mw"", ""9s)"", "":) "", "":mt"", ""?!i"", ""@#?"", ""@ma"", ""@ny"", ""@te"", ""a(a"", ""a)r"", ""an4"", ""b@m"", ""d&t"", ""d@h"", ""dz?"", ""e&m"", ""e+:"", ""e:1"", ""e@n"", ""eg2"", ""eql"", ""f*k"", ""g54"", ""g7m"", ""g:m"", ""gd-"", ""gvs"", ""gz:"", ""h**"", ""h24"", ""i''"", ""i'b"", ""i0 "", ""i0i"", ""i36"", ""i4i"", ""ib3"", ""ii0"", ""il$"", ""iwl"", ""j'r"", ""j.3"", ""j.i"", ""jcv"", ""je;"", ""m5."", ""m@t"", ""n(v"", ""ne@"", ""ns*"", ""od@"", ""pe+"", ""ps&"", ""qa-"", ""re#"", ""rx'"", ""ry5"", ""s&y"", ""s//"", ""sl!"", ""sx/"", ""uvt"", ""v''"", ""vgv"", ""wi?"", ""x3c"", ""xv)"", ""zgj"", ""zzg""]",109,1,155,0.0064516129032258064
4,block_infix_fingerprint_v004.json,128,local_split_entropy_equivalence_classes,3,0.0,0.25,title,title,114, $w,"["" $w"", ""#ke""]",2,2,155,0.012903225806451613
4,block_infix_fingerprint_v004.json,128,local_split_entropy_equivalence_classes,3,0.0,0.25,title,title,115, %*,"["" %*"", ""#&i"", ""%*#"", ""&n/"", ""*#&"", ""*if"", ""*no"", "",73"", "".3,"", "".4,"", "".5,"", "".6,"", "".9,"", ""/ w"", ""/jc"", ""0-,"", ""01!"", ""2sc"", ""4yo"", ""5.e"", ""50?"", ""9/l"", ""@zi"", ""_wu"", ""ax)"", ""ck2"", ""e4y"", ""fe4"", ""go\"""", ""h/q"", ""ih/"", ""jn4"", ""k&n"", ""k2s"", ""kds"", ""kpw"", ""l'@"", ""r %"", ""ro6"", ""rvd"", ""tlg"", ""u23"", ""vnf"", ""wlh"", ""yp/""]",45,1,155,0.0064516129032258064
4,block_infix_fingerprint_v004.json,128,local_split_entropy_equivalence_classes,3,0.0,0.25,title,title,116, &.,"["" &."", ""&..""]",2,7,155,0.04516129032258064
4,block_infix_fingerprint_v004.json,128,local_split_entropy_equivalence_classes,3,0.0,0.25,title,title,117, &1,"["" &1"", "" y/"", ""&10"", ""(mm"", ""+2+"", ""+o "", ""-q/"", ""-xt"", "".u3"", ""//w"", ""13k"", ""2+o"", ""3-j"", ""3x9"", ""43a"", ""54a"", ""55a"", ""5m,"", ""64b"", ""67a"", ""69a"", ""72b"", ""81a"", ""82k"", ""84a"", ""9+2"", ""91b"", ""94/"", ""96a"", ""ep5"", ""f'/"", ""h)/"", ""h+2"", ""he;"", ""oo;"", ""op1"", ""p17"", ""s.-"", ""u37"", ""u:/"", ""w- "", ""wb'"", ""x9+"", ""y/ ""]",44,1,155,0.0064516129032258064
4,block_infix_fingerprint_v004.json,128,local_split_entropy_equivalence_classes,3,0.0,0.25,title,title,118, &b,"["" &b""]",1,3,155,0.01935483870967742
4,block_infix_fingerprint_v004.json,128,local_split_entropy_equivalence_classes,3,0.0,0.25,title,title,119, &t,"["" &t""]",1,4,155,0.025806451612903226
4,block_infix_fingerprint_v004.json,128,local_split_entropy_equivalence_classes,3,0.0,0.25,title,title,120, ' ,"["" ' ""]",1,5,155,0.03225806451612903
4,block_infix_fingerprint_v004.json,128,local_split_entropy_equivalence_classes,3,0.0,0.25,title,title,121, '',"["" ''""]",1,3,155,0.01935483870967742
4,block_infix_fingerprint_v004.json,128,local_split_entropy_equivalence_classes,3,0.0,0.25,title,title,122, '.,"["" '.""]",1,3,155,0.01935483870967742
4,block_infix_fingerprint_v004.json,128,local_split_entropy_equivalence_classes,3,0.0,0.25,title,title,123, '?,"["" '?"", ""'?'""]",2,2,155,0.012903225806451613
4,block_infix_fingerprint_v004.json,128,local_split_entropy_equivalence_classes,3,0.0,0.25,title,title,124, ( ,"["" ( ""]",1,2,155,0.012903225806451613
4,block_infix_fingerprint_v004.json,128,local_split_entropy_equivalence_classes,3,0.0,0.25,title,title,125," (""","["" (\"""", "" jz"", ""\""24"", ""#ni"", ""% u"", ""'v/"", ""(\""2"", ""(dy"", ""(j'"", ""+fr"", ""-#5"", ""-xh"", ""/d "", ""/nm"", ""/v."", ""0 ="", ""0x3"", ""2+f"", ""24\"""", ""2ro"", ""3i "", ""3ra"", ""3xl"", ""4\"" "", ""4-r"", ""5da"", ""6-#"", "":im"", ""= 0"", ""[bg"", ""_fo"", ""b4u"", ""bg]"", ""bl:"", ""bpu"", ""csq"", ""hsd"", ""i_f"", ""jn)"", ""jw "", ""jzd"", ""k-x"", ""li_"", ""n:i"", ""q45"", ""re\"""", ""sgm"", ""u'!"", ""v/y"", ""w ["", ""w.!"", ""wg/"", ""xfm"", ""xl.""]",54,1,155,0.0064516129032258064
4,block_infix_fingerprint_v004.json,128,local_split_entropy_equivalence_classes,3,0.0,0.25,title,title,126, (&,"["" (&"", ""(& ""]",2,3,155,0.01935483870967742
4,block_infix_fingerprint_v004.json,128,local_split_entropy_equivalence_classes,3,0.0,0.25,title,title,127, (+,"["" (+""]",1,3,155,0.01935483870967742
5,block_infix_fingerprint_v005.json,256,local_split_entropy_equivalence_classes,3,0.0,0.25,title,title,0, $2,"["" $2""]",1,38,155,0.24516129032258063
5,block_infix_fingerprint_v005.json,256,local_split_entropy_equivalence_classes,3,0.0,0.25,title,title,1,ux:,"[""ux:""]",1,38,155,0.24516129032258063
5,block_infix_fingerprint_v005.json,256,local_split_entropy_equivalence_classes,3,0.0,0.25,title,title,2,wup,"[""wup""]",1,37,155,0.23870967741935484
5,block_infix_fingerprint_v005.json,256,local_split_entropy_equivalence_classes,3,0.0,0.25,title,title,3,10/,"[""10/""]",1,36,155,0.23225806451612904
5,block_infix_fingerprint_v005.json,256,local_split_entropy_equivalence_classes,3,0.0,0.25,title,title,4,$20,"[""$20""]",1,27,155,0.17419354838709677
5,block_infix_fingerprint_v005.json,256,local_split_entropy_equivalence_classes,3,0.0,0.25,title,title,5,'ed,"[""'ed""]",1,35,155,0.22580645161290322
5,block_infix_fingerprint_v005.json,256,local_split_entropy_equivalence_classes,3,0.0,0.25,title,title,6,kyw,"[""kyw""]",1,33,155,0.2129032258064516
5,block_infix_fingerprint_v005.json,256,local_split_entropy_equivalence_classes,3,0.0,0.25,title,title,7,owu,"[""owu""]",1,34,155,0.21935483870967742
5,block_infix_fingerprint_v005.json,256,local_split_entropy_equivalence_classes,3,0.0,0.25,title,title,8,39 ,"[""39 ""]",1,35,155,0.22580645161290322
5,block_infix_fingerprint_v005.json,256,local_split_entropy_equivalence_classes,3,0.0,0.25,title,title,9,h/w,"[""h/w""]",1,31,155,0.2
5,block_infix_fingerprint_v005.json,256,local_split_entropy_equivalence_classes,3,0.0,0.25,title,title,10,#44,"[""#44""]",1,38,155,0.24516129032258063
5,block_infix_fingerprint_v005.json,256,local_split_entropy_equivalence_classes,3,0.0,0.25,title,title,11,'eq,"[""'eq""]",1,32,155,0.2064516129032258
5,block_infix_fingerprint_v005.json,256,local_split_entropy_equivalence_classes,3,0.0,0.25,title,title,12,-2-,"[""-2-""]",1,35,155,0.22580645161290322
5,block_infix_fingerprint_v005.json,256,local_split_entropy_equivalence_classes,3,0.0,0.25,title,title,13, 6.,"["" 6.""]",1,37,155,0.23870967741935484
5,block_infix_fingerprint_v005.json,256,local_split_entropy_equivalence_classes,3,0.0,0.25,title,title,14,' &,"[""' &""]",1,28,155,0.18064516129032257
5,block_infix_fingerprint_v005.json,256,local_split_entropy_equivalence_classes,3,0.0,0.25,title,title,15, 9.,"["" 9.""]",1,25,155,0.16129032258064516
5,block_infix_fingerprint_v005.json,256,local_split_entropy_equivalence_classes,3,0.0,0.25,title,title,16,$40,"[""$40""]",1,23,155,0.14838709677419354
5,block_infix_fingerprint_v005.json,256,local_split_entropy_equivalence_classes,3,0.0,0.25,title,title,17, 4e,"["" 4e""]",1,22,155,0.14193548387096774
5,block_infix_fingerprint_v005.json,256,local_split_entropy_equivalence_classes,3,0.0,0.25,title,title,18, cm,"["" cm""]",1,38,155,0.24516129032258063
5,block_infix_fingerprint_v005.json,256,local_split_entropy_equivalence_classes,3,0.0,0.25,title,title,19, f ,"["" f ""]",1,32,155,0.2064516129032258
5,block_infix_fingerprint_v005.json,256,local_split_entropy_equivalence_classes,3,0.0,0.25,title,title,20,!/c,"[""!/c""]",1,27,155,0.17419354838709677
5,block_infix_fingerprint_v005.json,256,local_split_entropy_equivalence_classes,3,0.0,0.25,title,title,21, # ,"["" # ""]",1,36,155,0.23225806451612904
5,block_infix_fingerprint_v005.json,256,local_split_entropy_equivalence_classes,3,0.0,0.25,title,title,22, (3,"["" (3""]",1,36,155,0.23225806451612904
5,block_infix_fingerprint_v005.json,256,local_split_entropy_equivalence_classes,3,0.0,0.25,title,title,23, 1r,"["" 1r""]",1,9,155,0.05806451612903226
5,block_infix_fingerprint_v005.json,256,local_split_entropy_equivalence_classes,3,0.0,0.25,title,title,24, 2!,"["" 2!""]",1,17,155,0.10967741935483871
5,block_infix_fingerprint_v005.json,256,local_split_entropy_equivalence_classes,3,0.0,0.25,title,title,25, 2a,"["" 2a""]",1,30,155,0.1935483870967742
5,block_infix_fingerprint_v005.json,256,local_split_entropy_equivalence_classes,3,0.0,0.25,title,title,26, 2k,"["" 2k""]",1,26,155,0.16774193548387098
5,block_infix_fingerprint_v005.json,256,local_split_entropy_equivalence_classes,3,0.0,0.25,title,title,27, 8.,"["" 8.""]",1,31,155,0.2
5,block_infix_fingerprint_v005.json,256,local_split_entropy_equivalence_classes,3,0.0,0.25,title,title,28, (y,"["" (y""]",1,31,155,0.2
5,block_infix_fingerprint_v005.json,256,local_split_entropy_equivalence_classes,3,0.0,0.25,title,title,29, 1e,"["" 1e""]",1,36,155,0.23225806451612904
5,block_infix_fingerprint_v005.json,256,local_split_entropy_equivalence_classes,3,0.0,0.25,title,title,30," i,","["" i,""]",1,25,155,0.16129032258064516
5,block_infix_fingerprint_v005.json,256,local_split_entropy_equivalence_classes,3,0.0,0.25,title,title,31, km,"["" km""]",1,28,155,0.18064516129032257
5,block_infix_fingerprint_v005.json,256,local_split_entropy_equivalence_classes,3,0.0,0.25,title,title,32, 7.,"["" 7.""]",1,31,155,0.2
5,block_infix_fingerprint_v005.json,256,local_split_entropy_equivalence_classes,3,0.0,0.25,title,title,33, fd,"["" fd""]",1,23,155,0.14838709677419354
5,block_infix_fingerprint_v005.json,256,local_split_entropy_equivalence_classes,3,0.0,0.25,title,title,34, 'z,"["" 'z""]",1,35,155,0.22580645161290322
5,block_infix_fingerprint_v005.json,256,local_split_entropy_equivalence_classes,3,0.0,0.25,title,title,35," ""d","["" \""d""]",1,7,155,0.04516129032258064
5,block_infix_fingerprint_v005.json,256,local_split_entropy_equivalence_classes,3,0.0,0.25,title,title,36," ""m","["" \""m""]",1,11,155,0.07096774193548387
5,block_infix_fingerprint_v005.json,256,local_split_entropy_equivalence_classes,3,0.0,0.25,title,title,37," ""n","["" \""n""]",1,6,155,0.03870967741935484
5,block_infix_fingerprint_v005.json,256,local_split_entropy_equivalence_classes,3,0.0,0.25,title,title,38," ""s","["" \""s""]",1,17,155,0.10967741935483871
5,block_infix_fingerprint_v005.json,256,local_split_entropy_equivalence_classes,3,0.0,0.25,title,title,39," ""t","["" \""t""]",1,20,155,0.12903225806451613
5,block_infix_fingerprint_v005.json,256,local_split_entropy_equivalence_classes,3,0.0,0.25,title,title,40, $7,"["" $7""]",1,8,155,0.05161290322580645
5,block_infix_fingerprint_v005.json,256,local_split_entropy_equivalence_classes,3,0.0,0.25,title,title,41, '2,"["" '2""]",1,29,155,0.1870967741935484
5,block_infix_fingerprint_v005.json,256,local_split_entropy_equivalence_classes,3,0.0,0.25,title,title,42, 'q,"["" 'q""]",1,19,155,0.12258064516129032
5,block_infix_fingerprint_v005.json,256,local_split_entropy_equivalence_classes,3,0.0,0.25,title,title,43, (#,"["" (#""]",1,17,155,0.10967741935483871
5,block_infix_fingerprint_v005.json,256,local_split_entropy_equivalence_classes,3,0.0,0.25,title,title,44, (',"["" ('""]",1,10,155,0.06451612903225806
5,block_infix_fingerprint_v005.json,256,local_split_entropy_equivalence_classes,3,0.0,0.25,title,title,45, (4,"["" (4""]",1,16,155,0.1032258064516129
5,block_infix_fingerprint_v005.json,256,local_split_entropy_equivalence_classes,3,0.0,0.25,title,title,46, 0-,"["" 0-""]",1,11,155,0.07096774193548387
5,block_infix_fingerprint_v005.json,256,local_split_entropy_equivalence_classes,3,0.0,0.25,title,title,47, 1a,"["" 1a""]",1,32,155,0.2064516129032258
5,block_infix_fingerprint_v005.json,256,local_split_entropy_equivalence_classes,3,0.0,0.25,title,title,48, 2e,"["" 2e""]",1,38,155,0.24516129032258063
5,block_infix_fingerprint_v005.json,256,local_split_entropy_equivalence_classes,3,0.0,0.25,title,title,49, 4k,"["" 4k""]",1,6,155,0.03870967741935484
5,block_infix_fingerprint_v005.json,256,local_split_entropy_equivalence_classes,3,0.0,0.25,title,title,50," ""i","["" \""i""]",1,9,155,0.05806451612903226
5,block_infix_fingerprint_v005.json,256,local_split_entropy_equivalence_classes,3,0.0,0.25,title,title,51, $4,"["" $4""]",1,17,155,0.10967741935483871
5,block_infix_fingerprint_v005.json,256,local_split_entropy_equivalence_classes,3,0.0,0.25,title,title,52, '3,"["" '3""]",1,22,155,0.14193548387096774
5,block_infix_fingerprint_v005.json,256,local_split_entropy_equivalence_classes,3,0.0,0.25,title,title,53, 'x,"["" 'x""]",1,20,155,0.12903225806451613
5,block_infix_fingerprint_v005.json,256,local_split_entropy_equivalence_classes,3,0.0,0.25,title,title,54, (8,"["" (8""]",1,5,155,0.03225806451612903
5,block_infix_fingerprint_v005.json,256,local_split_entropy_equivalence_classes,3,0.0,0.25,title,title,55, 0 ,"["" 0 ""]",1,20,155,0.12903225806451613
5,block_infix_fingerprint_v005.json,256,local_split_entropy_equivalence_classes,3,0.0,0.25,title,title,56," 0,","["" 0,""]",1,8,155,0.05161290322580645
5,block_infix_fingerprint_v005.json,256,local_split_entropy_equivalence_classes,3,0.0,0.25,title,title,57, 0.,"["" 0.""]",1,13,155,0.08387096774193549
5,block_infix_fingerprint_v005.json,256,local_split_entropy_equivalence_classes,3,0.0,0.25,title,title,58, 2d,"["" 2d""]",1,18,155,0.11612903225806452
5,block_infix_fingerprint_v005.json,256,local_split_entropy_equivalence_classes,3,0.0,0.25,title,title,59, 3),"["" 3)""]",1,19,155,0.12258064516129032
5,block_infix_fingerprint_v005.json,256,local_split_entropy_equivalence_classes,3,0.0,0.25,title,title,60, 4x,"["" 4x""]",1,13,155,0.08387096774193549
5,block_infix_fingerprint_v005.json,256,local_split_entropy_equivalence_classes,3,0.0,0.25,title,title,61, 5-,"["" 5-""]",1,32,155,0.2064516129032258
5,block_infix_fingerprint_v005.json,256,local_split_entropy_equivalence_classes,3,0.0,0.25,title,title,62," 6,","["" 6,""]",1,32,155,0.2064516129032258
5,block_infix_fingerprint_v005.json,256,local_split_entropy_equivalence_classes,3,0.0,0.25,title,title,63, 7a,"["" 7a""]",1,8,155,0.05161290322580645
5,block_infix_fingerprint_v005.json,256,local_split_entropy_equivalence_classes,3,0.0,0.25,title,title,64, 8-,"["" 8-""]",1,22,155,0.14193548387096774
5,block_infix_fingerprint_v005.json,256,local_split_entropy_equivalence_classes,3,0.0,0.25,title,title,65, 9-,"["" 9-""]",1,29,155,0.1870967741935484
5,block_infix_fingerprint_v005.json,256,local_split_entropy_equivalence_classes,3,0.0,0.25,title,title,66, [t,"["" [t""]",1,3,155,0.01935483870967742
5,block_infix_fingerprint_v005.json,256,local_split_entropy_equivalence_classes,3,0.0,0.25,title,title,67, ! ,"["" ! ""]",1,2,155,0.012903225806451613
5,block_infix_fingerprint_v005.json,256,local_split_entropy_equivalence_classes,3,0.0,0.25,title,title,68, !/,"["" !/"", "" m9"", "" q5"", "" wj"", ""! !"", ""&mi"", ""'r,"", ""(6 "", "",05"", ""-f?"", ""/uh"", ""16k"", ""2)!"", ""5is"", ""6),"", ""6k "", "":53"", "":ti"", ""a!\"""", ""a4o"", ""al4"", ""b'w"", ""bgw"", ""cg:"", ""er&"", ""ilx"", ""jms"", ""l:-"", ""m8/"", ""m?!"", ""mj:"", ""mkj"", ""mv3"", ""mxg"", ""o55"", ""o56"", ""o58"", ""o63"", ""o69"", ""o73"", ""o81"", ""o83"", ""o90"", ""o94"", ""qo:"", ""r**"", ""t50"", ""ta4"", ""vlb"", ""xm8"", ""ydv"", ""yvt"", ""yy-""]",53,1,155,0.0064516129032258064
5,block_infix_fingerprint_v005.json,256,local_split_entropy_equivalence_classes,3,0.0,0.25,title,title,69," ""a","["" \""a""]",1,7,155,0.04516129032258064
5,block_infix_fingerprint_v005.json,256,local_split_entropy_equivalence_classes,3,0.0,0.25,title,title,70," ""b","["" \""b""]",1,8,155,0.05161290322580645
5,block_infix_fingerprint_v005.json,256,local_split_entropy_equivalence_classes,3,0.0,0.25,title,title,71," ""e","["" \""e""]",1,5,155,0.03225806451612903
5,block_infix_fingerprint_v005.json,256,local_split_entropy_equivalence_classes,3,0.0,0.25,title,title,72," ""f","["" \""f""]",1,3,155,0.01935483870967742
5,block_infix_fingerprint_v005.json,256,local_split_entropy_equivalence_classes,3,0.0,0.25,title,title,73," ""g","["" \""g""]",1,2,155,0.012903225806451613
5,block_infix_fingerprint_v005.json,256,local_split_entropy_equivalence_classes,3,0.0,0.25,title,title,74," ""h","["" \""h""]",1,3,155,0.01935483870967742
5,block_infix_fingerprint_v005.json,256,local_split_entropy_equivalence_classes,3,0.0,0.25,title,title,75," ""k","["" \""k""]",1,4,155,0.025806451612903226
5,block_infix_fingerprint_v005.json,256,local_split_entropy_equivalence_classes,3,0.0,0.25,title,title,76," ""o","["" \""o""]",1,5,155,0.03225806451612903
5,block_infix_fingerprint_v005.json,256,local_split_entropy_equivalence_classes,3,0.0,0.25,title,title,77," ""q","["" \""q"", ""\""fi"", ""\""qu"", ""'wl"", "")fu"", "".-g"", "".1'"", "".d!"", ""0/e"", ""0?/"", ""0hr"", ""3ha"", ""6x0"", ""@ce"", ""a3z"", ""a5h"", ""ab5"", ""ck\"""", ""dx8"", ""e20"", ""f@c"", ""fb5"", ""flb"", ""flw"", ""g!\"""", ""gkc"", ""jmp"", ""kft"", ""la5"", ""os&"", ""p)f"", ""p3x"", ""pbj"", ""pr2"", ""ps\"""", ""r21"", ""r3h"", ""rxt"", ""sv:"", ""wlb"", ""x04"", ""xyd"", ""zsn""]",43,1,155,0.0064516129032258064
5,block_infix_fingerprint_v005.json,256,local_split_entropy_equivalence_classes,3,0.0,0.25,title,title,78," ""r","["" \""r""]",1,7,155,0.04516129032258064
5,block_infix_fingerprint_v005.json,256,local_split_entropy_equivalence_classes,3,0.0,0.25,title,title,79, #$,"["" #$""]",1,5,155,0.03225806451612903
5,block_infix_fingerprint_v005.json,256,local_split_entropy_equivalence_classes,3,0.0,0.25,title,title,80, #@,"["" #@""]",1,3,155,0.01935483870967742
5,block_infix_fingerprint_v005.json,256,local_split_entropy_equivalence_classes,3,0.0,0.25,title,title,81, $0,"["" $0"", ""95b""]",2,2,155,0.012903225806451613
5,block_infix_fingerprint_v005.json,256,local_split_entropy_equivalence_classes,3,0.0,0.25,title,title,82, $3,"["" $3""]",1,14,155,0.09032258064516129
5,block_infix_fingerprint_v005.json,256,local_split_entropy_equivalence_classes,3,0.0,0.25,title,title,83, $6,"["" $6""]",1,13,155,0.08387096774193549
5,block_infix_fingerprint_v005.json,256,local_split_entropy_equivalence_classes,3,0.0,0.25,title,title,84, % ,"["" % ""]",1,2,155,0.012903225806451613
5,block_infix_fingerprint_v005.json,256,local_split_entropy_equivalence_classes,3,0.0,0.25,title,title,85, -f,"["" -f"", "" -p"", "" ?!"", "" s5"", ""\"" g"", ""$7."", ""(gw"", "")be"", "",3:"", "",76"", ""-4/"", ""-c3"", "".c/"", ""/1:"", ""/iw"", ""08?"", ""??!"", ""_cr"", ""`ph"", ""a37"", ""a`s"", ""agq"", ""bf/"", ""d_c"", ""e60"", ""ex("", ""fg!"", ""gnl"", ""gu/"", ""i'p"", ""i`s"", ""jt?"", ""k \"""", ""k/5"", ""lxb"", ""m:t"", ""ma`"", ""n)b"", ""nrd"", ""olx"", ""pzz"", ""ri`"", ""s55"", ""sgn"", ""x(t"", ""xa4"", ""yu;""]",47,1,155,0.0064516129032258064
5,block_infix_fingerprint_v005.json,256,local_split_entropy_equivalence_classes,3,0.0,0.25,title,title,86,  b,"[""  b"", ""#t "", ""''e"", "")au"", ""*fi"", ""-iq"", "".ji"", ""/*f"", ""/d2"", ""/ie"", ""/pt"", ""16'"", ""21?"", ""? &"", ""bgm"", ""c*o"", ""dfb"", ""dr0"", ""e&c"", ""ec*"", ""euo"", ""f/'"", ""g  "", ""g'h"", ""h#t"", ""h)a"", ""ho*"", ""i+ "", ""i-7"", ""jp/"", ""li+"", ""m?'"", ""n/*"", ""nqt"", ""or*"", ""p/9"", ""sh#"", ""t)i"", ""tb'"", ""ttd"", ""wtv"", ""x!/""]",42,1,155,0.0064516129032258064
5,block_infix_fingerprint_v005.json,256,local_split_entropy_equivalence_classes,3,0.0,0.25,title,title,87,  s,"[""  s""]",1,2,155,0.012903225806451613
5,block_infix_fingerprint_v005.json,256,local_split_entropy_equivalence_classes,3,0.0,0.25,title,title,88,  z,"[""  z"", "" *h"", "" yx"", ""'e,"", ""'m-"", ""*c*"", ""-gs"", ""14+"", ""1ns"", ""2ik"", ""3?!"", ""8.c"", ""8ad"", ""a  "", ""c*h"", ""e:6"", ""fcr"", ""j1n"", ""lm*"", ""m*o"", ""m2."", ""m8."", ""nfg"", ""nqm"", ""ocw"", ""p/3"", ""r  "", ""rt*"", ""t* "", ""t*c"", ""u-)"", ""wy/"", ""yxl"", ""~ g""]",34,1,155,0.0064516129032258064
5,block_infix_fingerprint_v005.json,256,local_split_entropy_equivalence_classes,3,0.0,0.25,title,title,89, !!,"["" !!""]",1,2,155,0.012903225806451613
5,block_infix_fingerprint_v005.json,256,local_split_entropy_equivalence_classes,3,0.0,0.25,title,title,90, !@,"["" !@"", "" c4"", "" {p"", ""!@#"", ""#$i"", ""$ d"", ""$$'"", ""$%^"", ""$'$"", ""% 7"", ""&*!"", ""-vy"", ""-xv"", "".-n"", "".tw"", "".z:"", ""0bo"", ""0gy"", ""3dn"", ""3s:"", ""40g"", ""6am"", ""7,9"", ""75!"", ""7ad"", ""99?"", ""9de"", "":fu"", ""@#$"", ""[di"", ""[oo"", ""^&*"", ""a&c"", ""ac("", ""ah;"", ""a~j"", ""bk:"", ""c21"", ""c5:"", ""c[d"", ""di$"", ""dj-"", ""e !"", ""e} "", ""ha&"", ""i$e"", ""jmw"", ""jpr"", ""jsu"", ""m.6"", ""mjm"", ""n.l"", ""n43"", ""n58"", ""ng2"", ""nmm"", ""npt"", ""nxl"", ""oc]"", ""pe3"", ""pr'"", ""qvr"", ""r {"", ""r(d"", ""re}"", ""s&d"", ""sc["", ""snm"", ""st]"", ""t21"", ""tjh"", ""tlf"", ""v2:"", ""xge"", ""xt2"", ""xv-"", ""y40"", ""y~t"", ""zdg"", ""zh)"", ""zhp"", ""{pa"", ""} s"", ""~jo"", ""~ti""]",85,1,155,0.0064516129032258064
5,block_infix_fingerprint_v005.json,256,local_split_entropy_equivalence_classes,3,0.0,0.25,title,title,91," "" ","["" \"" "", "" @."", ""# e"", ""$ e"", ""'vy"", ""(85"", ""(pq"", ""-y/"", "".0t"", "".5/"", ""/m-"", ""0/n"", ""0t "", ""2ra"", ""45i"", ""5/d"", ""59e"", ""7)!"", ""7q-"", ""97q"", ""@. "", ""a5 "", ""f9:"", ""fr:"", ""h88"", ""jfr"", ""jkm"", ""k)'"", ""lc'"", ""lz'"", ""mlf"", ""opq"", ""p/q"", ""pqp"", ""q-u"", ""qp "", ""r2n"", ""th8"", ""xjl"", ""z--"", ""z/q""]",41,1,155,0.0064516129032258064
5,block_infix_fingerprint_v005.json,256,local_split_entropy_equivalence_classes,3,0.0,0.25,title,title,92," "".","["" \""."", ""\"".."", ""&cc"", ""&ja"", ""*li"", ""+u."", "".\"" "", "".+u"", "".-l"", "".u "", ""/5."", ""1 %"", ""1 :"", ""1* "", ""11*"", ""2.p"", ""3.t"", ""53o"", ""6>9"", ""7er"", ""86>"", ""8ht"", "">98"", ""[ro"", ""a94"", ""ad*"", ""am9"", ""an&"", ""bh,"", ""ca]"", ""cmp"", ""d*l"", ""dx1"", ""e.+"", ""e.q"", ""e01"", ""ei8"", ""ew("", ""f26"", ""fbh"", ""fcg"", ""fdt"", ""fsj"", ""i8h"", ""jsw"", ""k&j"", ""ke0"", ""l',"", ""m(k"", ""m2s"", ""m99"", ""ms1"", ""mz,"", ""n&c"", ""nhv"", ""nlq"", ""om3"", ""oq:"", ""pa;"", ""ptd"", ""q.-"", ""ru;"", ""s.\"""", ""su$"", ""tvd"", ""u$e"", ""v15"", ""v49"", ""va1"", ""w(h"", ""wg."", ""x13"", ""xaj"", ""y):"", ""ydj"", ""yyg"", ""z-3""]",77,1,155,0.0064516129032258064
5,block_infix_fingerprint_v005.json,256,local_split_entropy_equivalence_classes,3,0.0,0.25,title,title,93," ""@","["" \""@"", "" c@"", ""!er"", ""\""@\"""", ""'uw"", ""(ub"", "")pu"", ""*4*"", ""+do"", ""/yn"", ""37x"", ""3p "", ""4*2"", ""7xs"", ""?!)"", ""@!e"", ""c@f"", ""e35"", ""fmy"", ""in1"", ""iyh"", ""ki~"", ""mvc"", ""njz"", ""oqt"", ""os+"", ""qto"", ""s+d"", ""sc4"", ""slt"", ""sw3"", ""t*4"", ""t7:"", ""vc3"", ""w $"", ""w--"", ""wdl"", ""y--"", ""zu)""]",39,1,155,0.0064516129032258064
5,block_infix_fingerprint_v005.json,256,local_split_entropy_equivalence_classes,3,0.0,0.25,title,title,94," ""c","["" \""c""]",1,6,155,0.03870967741935484
5,block_infix_fingerprint_v005.json,256,local_split_entropy_equivalence_classes,3,0.0,0.25,title,title,95," ""j","["" \""j"", ""!ni"", ""\""ji"", ""#05"", ""$.t"", ""$23"", ""& \"""", ""'.0"", ""'1e"", ""'gt"", "".$."", "".eu"", ""07%"", ""13g"", ""15z"", ""1e'"", ""3co"", ""3go"", ""5zl"", ""62/"", ""7%'"", ""75%"", ""7a/"", ""a ~"", ""b25"", ""b2w"", ""e&s"", ""g'b"", ""g4c"", ""h'f"", ""jkv"", ""k)h"", ""k3!"", ""ke&"", ""mwy"", ""n@w"", ""njl"", ""o/4"", ""or3"", ""php"", ""re~"", ""s&p"", ""s25"", ""tdc"", ""tnb"", ""ty5"", ""u.$"", ""v3s"", ""wb2"", ""wrt"", ""y5 "", ""ygb"", ""z!n"", ""z'l""]",54,1,155,0.0064516129032258064
5,block_infix_fingerprint_v005.json,256,local_split_entropy_equivalence_classes,3,0.0,0.25,title,title,96," ""l","["" \""l""]",1,4,155,0.025806451612903226
5,block_infix_fingerprint_v005.json,256,local_split_entropy_equivalence_classes,3,0.0,0.25,title,title,97," ""p","["" \""p""]",1,5,155,0.03225806451612903
5,block_infix_fingerprint_v005.json,256,local_split_entropy_equivalence_classes,3,0.0,0.25,title,title,98," ""w","["" \""w""]",1,5,155,0.03225806451612903
5,block_infix_fingerprint_v005.json,256,local_split_entropy_equivalence_classes,3,0.0,0.25,title,title,99," ""x","["" \""x"", ""\"" &"", ""\""it"", ""\""x\"""", ""#un"", ""'e!"", ""(cc"", ""(gm"", ""-ml"", "".i/"", ""/i:"", ""/iq"", ""0/z"", ""03h"", ""3an"", ""4/b"", ""47'"", ""6-a"", ""6h4"", ""7' "", ""75s"", ""8' "", ""as2"", ""cc?"", ""cn)"", ""g2 "", ""l30"", ""lrl"", ""m)!"", ""nm/"", ""p3/"", ""p91"", ""pnc"", ""vr'""]",34,1,155,0.0064516129032258064
5,block_infix_fingerprint_v005.json,256,local_split_entropy_equivalence_classes,3,0.0,0.25,title,title,100, #&,"["" #&"", "" 3w"", "" 8f"", ""!ja"", ""#&%"", ""&%#"", ""'ck"", ""'mp"", ""('t"", ""(*a"", ""*a "", ""+(d"", ""+li"", ""-bn"", ""-e?"", ""-t:"", "".kn"", ""0 7"", ""0ad"", ""10f"", ""2no"", ""4lo"", ""5.n"", ""6):"", ""8ft"", ""@lv"", ""_eq"", ""`m "", ""au2"", ""bcp"", ""d')"", ""d'q"", ""d)r"", ""d+("", ""e09"", ""ejp"", ""er4"", ""et_"", ""fxe"", ""g(o"", ""g@m"", ""gbf"", ""gp5"", ""gwl"", ""gxa"", ""h'r"", ""h.5"", ""h2n"", ""h52"", ""h_e"", ""hcw"", ""hkq"", ""i!j"", ""i*a"", ""i`m"", ""id4"", ""ixj"", ""jsg"", ""k3d"", ""kn'"", ""kq "", ""l+l"", ""lbd"", ""lo*"", ""m@m"", ""ni;"", ""o)o"", ""o@l"", ""om@"", ""ox1"", ""p50"", ""ppw"", ""py)"", ""r4l"", ""rgz"", ""rjj"", ""rs2"", ""rtq"", ""t_x"", ""te*"", ""th_"", ""tk-"", ""ul+"", ""v.f"", ""ve0"", ""w.y"", ""wji"", ""wmp"", ""xja"", ""y)a"", ""zt)""]",91,1,155,0.0064516129032258064
5,block_infix_fingerprint_v005.json,256,local_split_entropy_equivalence_classes,3,0.0,0.25,title,title,101, #*,"["" #*"", "" 1$"", "" 1]"", "" 2r"", "" @c"", "" [3"", "" _e"", "" _o"", "" t*"", "" u6"", ""$#@"", ""%$#"", ""(p1"", ""(sr"", "") q"", ""*%$"", ""*ll"", ""*r "", ""*wn"", ""..9"", "".v,"", ""/nj"", ""12]"", ""1nn"", ""1pt"", ""21l"", ""3d]"", ""3ge"", ""3jo"", ""4za"", ""5):"", ""6 7"", ""66s"", ""78,"", ""7on"", ""90]"", ""95%"", "":ec"", "":fl"", "":mo"", "":s:"", "":tr"", ""=am"", ""@!!"", ""@ct"", ""[15"", ""[3d"", ""[a]"", ""[o]"", ""]th"", ""_ t"", ""_ee"", ""_oo"", ""a19"", ""a]c"", ""aqf"", ""bhn"", ""bm7"", ""c7d"", ""cc7"", ""cr1"", ""d3j"", ""e _"", ""e:g"", ""e[a"", ""e_ "", ""ee_"", ""er="", ""ex@"", ""exj"", ""hml"", ""i7o"", ""i?,"", ""i] "", ""il4"", ""iuw"", ""j-8"", ""jc:"", ""jhb"", ""jo5"", ""l4z"", ""m*l"", ""m72"", ""mb2"", ""mg/"", ""mp2"", ""mrg"", ""mrv"", ""n:s"", ""nd3"", ""nmj"", ""nrx"", ""o]t"", ""oa1"", ""oo1"", ""ox3"", ""p13"", ""p2v"", ""p3n"", ""phx"", ""pi7"", ""pxx"", ""q-2"", ""qaj"", ""qf "", ""qoc"", ""r1n"", ""r1p"", ""r=a"", ""re="", ""re["", ""rh+"", ""rl;"", ""rxm"", ""s3g"", ""s:e"", ""sm*"", ""ss3"", ""t*w"", ""t.?"", ""tz@"", ""u!."", ""u67"", ""x @"", ""x@s"", ""xdr"", ""xju"", ""xyh"", ""yfn""]",129,1,155,0.0064516129032258064
5,block_infix_fingerprint_v005.json,256,local_split_entropy_equivalence_classes,3,0.0,0.25,title,title,102, #?,"["" #?"", "" jv"", "" v7"", ""$0 "", ""(az"", ""(g-"", ""(s-"", ""(uj"", ""**r"", ""+ni"", ""-kp"", ""12l"", ""1fi"", ""1m,"", ""2du"", ""2le"", ""30?"", ""85e"", "">ne"", ""ab2"", ""ay+"", ""b2f"", ""c:0"", ""ddx"", ""e3t"", ""e>n"", ""ea3"", ""em&"", ""f1:"", ""f2 "", ""fnw"", ""g.1"", ""g_l"", ""hhq"", ""i[s"", ""ie$"", ""jsn"", ""kpd"", ""l3 "", ""l4l"", ""l:1"", ""le>"", ""ly2"", ""ml:"", ""n27"", ""n59"", ""nwd"", ""nxy"", ""ogq"", ""ol4"", ""r36"", ""ru4"", ""s]t"", ""st2"", ""t(r"", ""tml"", ""u48"", ""ul("", ""v48"", ""v58"", ""v79"", ""vtl"", ""x19"", ""x70"", ""xi["", ""xuq"", ""xzu"", ""y+n"", ""y1f"", ""zln""]",70,1,155,0.0064516129032258064
5,block_infix_fingerprint_v005.json,256,local_split_entropy_equivalence_classes,3,0.0,0.25,title,title,103, $ ,"["" $ ""]",1,2,155,0.012903225806451613
5,block_infix_fingerprint_v005.json,256,local_split_entropy_equivalence_classes,3,0.0,0.25,title,title,104, $#,"["" $#""]",1,3,155,0.01935483870967742
5,block_infix_fingerprint_v005.json,256,local_split_entropy_equivalence_classes,3,0.0,0.25,title,title,105, $8,"["" $8""]",1,5,155,0.03225806451612903
5,block_infix_fingerprint_v005.json,256,local_split_entropy_equivalence_classes,3,0.0,0.25,title,title,106, $9,"["" $9""]",1,5,155,0.03225806451612903
5,block_infix_fingerprint_v005.json,256,local_split_entropy_equivalence_classes,3,0.0,0.25,title,title,107, $a,"["" $a""]",1,3,155,0.01935483870967742
5,block_infix_fingerprint_v005.json,256,local_split_entropy_equivalence_classes,3,0.0,0.25,title,title,108, $c,"["" $c"", "" -6"", "" 1y"", "" d,"", "" l@"", "" w+"", ""!bu"", ""$ch"", ""$lo"", ""''b"", ""'3:"", ""'ct"", ""'nf"", ""(a1"", ""(ct"", ""(yp"", "")th"", "")uf"", ""+1+"", ""+b="", ""-$2"", ""-)t"", ""-3."", ""-e1"", ""-ij"", "".3-"", "".av"", "".id"", ""/4l"", ""/76"", ""/82"", ""/vt"", ""00;"", ""04;"", ""06%"", ""08t"", ""0:e"", ""0;0"", ""0il"", ""1,9"", ""12'"", ""16w"", ""18?"", ""1;0"", ""1el"", ""1k:"", ""1kg"", ""1m2"", ""1yr"", ""22h"", ""27p"", ""29'"", ""2@2"", ""2h1"", ""2s:"", ""2wk"", ""3.g"", ""30i"", ""3:t"", ""3da"", ""4''"", ""41;"", ""42p"", ""49?"", ""4;4"", ""4co"", ""5'1"", ""5bx"", ""6'4"", ""6* "", ""63'"", ""67%"", ""6x8"", ""72k"", ""79_"", ""7p."", ""8'e"", ""82,"", ""8e8"", ""8k "", ""8xk"", ""9'4"", ""90+"", ""94?"", ""9_z"", "":24"", "";04"", "";41"", ""@bo"", ""_zn"", ""a(l"", ""a)n"", ""a1)"", ""a30"", ""ah+"", ""ah1"", ""b8-"", ""b=g"", ""bo*"", ""br/"", ""brj"", ""bx "", ""cmd"", ""cvu"", ""d'3"", ""e1!"", ""e88"", ""fdw"", ""fiw"", ""fpj"", ""g-$"", ""h15"", ""hz."", ""ie6"", ""kg-"", ""kn:"", ""kzy"", ""l--"", ""l@s"", ""m28"", ""mdj"", ""n1-"", ""oa."", ""p-)"", ""pt*"", ""pyq"", ""q'v"", ""q)u"", ""q.o"", ""rvg"", ""s.4"", ""t& "", ""t*h"", ""tk)"", ""tl)"", ""w+b"", ""w.f"", ""wd!"", ""x)r"", ""x-q"", ""x44"", ""xk6"", ""xoo"", ""xrc"", ""y''"", ""ykz"", ""z!b"", ""z./"", ""zgh""]",149,1,155,0.0064516129032258064
5,block_infix_fingerprint_v005.json,256,local_split_entropy_equivalence_classes,3,0.0,0.25,title,title,109, $h,"["" $h""]",1,5,155,0.03225806451612903
5,block_infix_fingerprint_v005.json,256,local_split_entropy_equivalence_classes,3,0.0,0.25,title,title,110, $l,"["" $l"", ""\"" -"", ""\""i\"""", ""$la"", ""%/t"", ""*tf"", ""-rc"", "".-u"", ""/\""m"", ""/2n"", ""/e3"", ""/rb"", ""1%/"", ""25?"", ""4- "", ""7/o"", ""bd/"", ""cck"", ""dwl"", ""e/\"""", ""g?\"""", ""gs]"", ""i.x"", ""lws"", ""mmw"", ""ny\"""", ""rl2"", ""spm"", ""sqw"", ""t @""]",30,1,155,0.0064516129032258064
5,block_infix_fingerprint_v005.json,256,local_split_entropy_equivalence_classes,3,0.0,0.25,title,title,111, $p,"["" $p"", "" ()"", "" 7i"", "" l:"", ""&t'"", ""();"", ""(l."", ""(qi"", ""(sd"", "")gr"", ""*04"", ""*t:"", ""-g!"", "".cr"", ""0f-"", ""20l"", ""2om"", ""2ov"", ""2x5"", ""3 9"", ""4:9"", ""70f"", ""7i "", ""9bc"", "":a "", ""=pr"", ""[ar"", ""[te"", ""b-8"", ""bn'"", ""ct+"", ""d-9"", ""dd7"", ""ds*"", ""f :"", ""fvu"", ""fx2"", ""g30"", ""gfj"", ""gjr"", ""gv1"", ""gwd"", ""gzz"", ""h&t"", ""h@h"", ""hi8"", ""hjr"", ""hp5"", ""hpg"", ""hvg"", ""i4n"", ""i:g"", ""im@"", ""iw'"", ""j 4"", ""j'p"", ""jj:"", ""jrm"", ""k.2"", ""kt("", ""md?"", ""mu~"", ""nsx"", ""oqv"", ""pe*"", ""pe2"", ""pv:"", ""q 8"", ""r)g"", ""rfv"", ""rh&"", ""ro2"", ""s*0"", ""s*a"", ""s=p"", ""t %"", ""t+m"", ""ti;"", ""tjb"", ""ts="", ""uow"", ""u~j"", ""v13"", ""vg3"", ""wpd"", ""wph"", ""yvl"", ""z.:"", ""ztz"", ""~jy""]",90,1,155,0.0064516129032258064
5,block_infix_fingerprint_v005.json,256,local_split_entropy_equivalence_classes,3,0.0,0.25,title,title,112, $t,"["" $t"", ""$tr""]",2,2,155,0.012903225806451613
5,block_infix_fingerprint_v005.json,256,local_split_entropy_equivalence_classes,3,0.0,0.25,title,title,113, $u,"["" $u"", "" 5y"", "" b@"", "" i0"", "" p,"", ""#%k"", ""#?!"", ""$up"", ""&yo"", ""''j"", ""''s"", ""'a:"", ""'sd"", ""(*h"", ""(3."", ""(h."", ""(xv"", "")rm"", ""*ha"", ""*ka"", ""-bs"", ""-gj"", ""-hn"", ""-q:"", ""-x3"", "".m@"", ""//j"", ""0i0"", ""15y"", ""18i"", ""2o,"", ""2od"", ""3 $"", ""3km"", ""42?"", ""5ec"", ""5to"", ""5ye"", ""5ys"", ""7mw"", ""9s)"", "":) "", "":mt"", ""?!i"", ""@#?"", ""@ma"", ""@ny"", ""@te"", ""a(a"", ""a)r"", ""an4"", ""b@m"", ""d&t"", ""d@h"", ""dz?"", ""e&m"", ""e+:"", ""e:1"", ""e@n"", ""eg2"", ""eql"", ""f*k"", ""g54"", ""g7m"", ""g:m"", ""gd-"", ""gvs"", ""gz:"", ""h**"", ""h24"", ""i''"", ""i'b"", ""i0 "", ""i0i"", ""i36"", ""i4i"", ""ib3"", ""ii0"", ""il$"", ""iwl"", ""j'r"", ""j.3"", ""j.i"", ""jcv"", ""je;"", ""m5."", ""m@t"", ""n(v"", ""ne@"", ""ns*"", ""od@"", ""pe+"", ""ps&"", ""qa-"", ""re#"", ""rx'"", ""ry5"", ""s&y"", ""s//"", ""sl!"", ""sx/"", ""uvt"", ""v''"", ""vgv"", ""wi?"", ""x3c"", ""xv)"", ""zgj"", ""zzg""]",109,1,155,0.0064516129032258064
5,block_infix_fingerprint_v005.json,256,local_split_entropy_equivalence_classes,3,0.0,0.25,title,title,114, $w,"["" $w"", ""#ke""]",2,2,155,0.012903225806451613
5,block_infix_fingerprint_v005.json,256,local_split_entropy_equivalence_classes,3,0.0,0.25,title,title,115, %*,"["" %*"", ""#&i"", ""%*#"", ""&n/"", ""*#&"", ""*if"", ""*no"", "",73"", "".3,"", "".4,"", "".5,"", "".6,"", "".9,"", ""/ w"", ""/jc"", ""0-,"", ""01!"", ""2sc"", ""4yo"", ""5.e"", ""50?"", ""9/l"", ""@zi"", ""_wu"", ""ax)"", ""ck2"", ""e4y"", ""fe4"", ""go\"""", ""h/q"", ""ih/"", ""jn4"", ""k&n"", ""k2s"", ""kds"", ""kpw"", ""l'@"", ""r %"", ""ro6"", ""rvd"", ""tlg"", ""u23"", ""vnf"", ""wlh"", ""yp/""]",45,1,155,0.0064516129032258064
5,block_infix_fingerprint_v005.json,256,local_split_entropy_equivalence_classes,3,0.0,0.25,title,title,116, &.,"["" &."", ""&..""]",2,7,155,0.04516129032258064
5,block_infix_fingerprint_v005.json,256,local_split_entropy_equivalence_classes,3,0.0,0.25,title,title,117, &1,"["" &1"", "" y/"", ""&10"", ""(mm"", ""+2+"", ""+o "", ""-q/"", ""-xt"", "".u3"", ""//w"", ""13k"", ""2+o"", ""3-j"", ""3x9"", ""43a"", ""54a"", ""55a"", ""5m,"", ""64b"", ""67a"", ""69a"", ""72b"", ""81a"", ""82k"", ""84a"", ""9+2"", ""91b"", ""94/"", ""96a"", ""ep5"", ""f'/"", ""h)/"", ""h+2"", ""he;"", ""oo;"", ""op1"", ""p17"", ""s.-"", ""u37"", ""u:/"", ""w- "", ""wb'"", ""x9+"", ""y/ ""]",44,1,155,0.0064516129032258064
5,block_infix_fingerprint_v005.json,256,local_split_entropy_equivalence_classes,3,0.0,0.25,title,title,118, &b,"["" &b""]",1,3,155,0.01935483870967742
5,block_infix_fingerprint_v005.json,256,local_split_entropy_equivalence_classes,3,0.0,0.25,title,title,119, &t,"["" &t""]",1,4,155,0.025806451612903226
5,block_infix_fingerprint_v005.json,256,local_split_entropy_equivalence_classes,3,0.0,0.25,title,title,120, ' ,"["" ' ""]",1,5,155,0.03225806451612903
5,block_infix_fingerprint_v005.json,256,local_split_entropy_equivalence_classes,3,0.0,0.25,title,title,121, '',"["" ''""]",1,3,155,0.01935483870967742
5,block_infix_fingerprint_v005.json,256,local_split_entropy_equivalence_classes,3,0.0,0.25,title,title,122, '.,"["" '.""]",1,3,155,0.01935483870967742
5,block_infix_fingerprint_v005.json,256,local_split_entropy_equivalence_classes,3,0.0,0.25,title,title,123, '?,"["" '?"", ""'?'""]",2,2,155,0.012903225806451613
5,block_infix_fingerprint_v005.json,256,local_split_entropy_equivalence_classes,3,0.0,0.25,title,title,124, ( ,"["" ( ""]",1,2,155,0.012903225806451613
5,block_infix_fingerprint_v005.json,256,local_split_entropy_equivalence_classes,3,0.0,0.25,title,title,125," (""","["" (\"""", "" jz"", ""\""24"", ""#ni"", ""% u"", ""'v/"", ""(\""2"", ""(dy"", ""(j'"", ""+fr"", ""-#5"", ""-xh"", ""/d "", ""/nm"", ""/v."", ""0 ="", ""0x3"", ""2+f"", ""24\"""", ""2ro"", ""3i "", ""3ra"", ""3xl"", ""4\"" "", ""4-r"", ""5da"", ""6-#"", "":im"", ""= 0"", ""[bg"", ""_fo"", ""b4u"", ""bg]"", ""bl:"", ""bpu"", ""csq"", ""hsd"", ""i_f"", ""jn)"", ""jw "", ""jzd"", ""k-x"", ""li_"", ""n:i"", ""q45"", ""re\"""", ""sgm"", ""u'!"", ""v/y"", ""w ["", ""w.!"", ""wg/"", ""xfm"", ""xl.""]",54,1,155,0.0064516129032258064
5,block_infix_fingerprint_v005.json,256,local_split_entropy_equivalence_classes,3,0.0,0.25,title,title,126, (&,"["" (&"", ""(& ""]",2,3,155,0.01935483870967742
5,block_infix_fingerprint_v005.json,256,local_split_entropy_equivalence_classes,3,0.0,0.25,title,title,127, (+,"["" (+""]",1,3,155,0.01935483870967742
5,block_infix_fingerprint_v005.json,256,local_split_entropy_equivalence_classes,3,0.0,0.25,title,title,128, (.,"["" (."", ""(..""]",2,5,155,0.03225806451612903
5,block_infix_fingerprint_v005.json,256,local_split_entropy_equivalence_classes,3,0.0,0.25,title,title,129, (5,"["" (5""]",1,14,155,0.09032258064516129
5,block_infix_fingerprint_v005.json,256,local_split_entropy_equivalence_classes,3,0.0,0.25,title,title,130, (7,"["" (7""]",1,7,155,0.04516129032258064
5,block_infix_fingerprint_v005.json,256,local_split_entropy_equivalence_classes,3,0.0,0.25,title,title,131, (9,"["" (9""]",1,4,155,0.025806451612903226
5,block_infix_fingerprint_v005.json,256,local_split_entropy_equivalence_classes,3,0.0,0.25,title,title,132, (?,"["" (?""]",1,9,155,0.05806451612903226
5,block_infix_fingerprint_v005.json,256,local_split_entropy_equivalence_classes,3,0.0,0.25,title,title,133, (q,"["" (q""]",1,13,155,0.08387096774193549
5,block_infix_fingerprint_v005.json,256,local_split_entropy_equivalence_classes,3,0.0,0.25,title,title,134, (x,"["" (x""]",1,12,155,0.07741935483870968
5,block_infix_fingerprint_v005.json,256,local_split_entropy_equivalence_classes,3,0.0,0.25,title,title,135, * ,"["" * ""]",1,4,155,0.025806451612903226
5,block_infix_fingerprint_v005.json,256,local_split_entropy_equivalence_classes,3,0.0,0.25,title,title,136, +2,"["" +2"", "" -q"", "" ; "", "" q2"", ""$ta"", ""'km"", ""(k1"", ""*#k"", ""+2c"", ""+kr"", "",1."", "",1/"", "",93"", ""-2c"", ""-i&"", ""/ua"", ""08g"", ""0x2"", ""1r:"", ""2c-"", ""33d"", ""3ys"", ""5ko"", ""6,9"", ""8/m"", ""8gw"", ""[eo"", ""[or"", ""_78"", ""a1r"", ""an+"", ""an9"", ""asx"", ""axz"", ""bng"", ""c_7"", ""cdk"", ""dd;"", ""dk."", ""dkc"", ""e*s"", ""eb?"", ""ep$"", ""euq"", ""f*#"", ""ff1"", ""g-0"", ""gm/"", ""hcy"", ""hvl"", ""hvr"", ""i&j"", ""ih:"", ""k3y"", ""lvg"", ""mdm"", ""n*u"", ""n+k"", ""n-,"", ""n93"", ""njv"", ""nk3"", ""nlw"", ""nmw"", ""ny7"", ""nz1"", ""o--"", ""ov3"", ""p$t"", ""p4w"", ""pg1"", ""r ;"", ""r*s"", ""s*e"", ""sj."", ""sxa"", ""t.9"", ""tf9"", ""tkb"", ""u*r"", ""ug)"", ""xu'"", ""y.z"", ""y77"", ""ybj"", ""zwl""]",86,1,155,0.0064516129032258064
5,block_infix_fingerprint_v005.json,256,local_split_entropy_equivalence_classes,3,0.0,0.25,title,title,137, +4,"["" +4""]",1,3,155,0.01935483870967742
5,block_infix_fingerprint_v005.json,256,local_split_entropy_equivalence_classes,3,0.0,0.25,title,title,138, +5,"["" +5""]",1,4,155,0.025806451612903226
5,block_infix_fingerprint_v005.json,256,local_split_entropy_equivalence_classes,3,0.0,0.25,title,title,139, +9,"["" +9"", "" 4j"", "" r]"", "" z3"", "" zx"", ""!-a"", ""'29"", ""'e:"", ""(ek"", ""+9,"", ""+p]"", ""+y="", ""- !"", ""-pg"", "".ee"", ""/4]"", ""07h"", ""11]"", ""1] "", ""24j"", ""3d5"", ""3ou"", ""4ji"", ""58]"", ""73]"", ""7ho"", ""8] "", ""90!"", ""91!"", ""9se"", ""=li"", ""@s]"", ""[ t"", ""[1/"", ""[2:"", ""[aw"", ""[ct"", ""[em"", ""[en"", ""[kl"", ""[yb"", ""] 4"", ""] e"", ""] f"", ""]3 "", ""]du"", ""]ki"", ""]pa"", ""_sq"", ""aq."", ""as]"", ""c]3"", ""c]:"", ""cu!"", ""d10"", ""d52"", ""dkk"", ""dl!"", ""e(z"", ""em]"", ""ep;"", ""ev!"", ""gxt"", ""hc:"", ""i]k"", ""in]"", ""ip3"", ""is_"", ""js!"", ""k72"", ""kdk"", ""knc"", ""l+p"", ""ljp"", ""ll]"", ""lr8"", ""m] "", ""n]c"", ""n]d"", ""ncg"", ""o!-"", ""oe="", ""p3o"", ""pct"", ""r'y"", ""r)m"", ""rd1"", ""re*"", ""rwk"", ""s*c"", ""s]c"", ""s]p"", ""sbh"", ""sn)"", ""sqr"", ""t ]"", ""tf."", ""tgb"", ""tn?"", ""u'z"", ""u-x"", ""vvr"", ""vzn"", ""w_s"", ""wm:"", ""wrd"", ""x&y"", ""x+y"", ""x31"", ""x96"", ""xh-"", ""xij"", ""xk7"", ""xpd"", ""y3l"", ""y=0"", ""ya`"", ""ygf"", ""ymz"", ""yzf"", ""z'm"", ""z.)"", ""z.b"", ""z.u"", ""z32"", ""z3d"", ""zhm"", ""zmd"", ""zn-"", ""ztc"", ""zxi"", ""~ y"", ""~ex""]",133,1,155,0.0064516129032258064
5,block_infix_fingerprint_v005.json,256,local_split_entropy_equivalence_classes,3,0.0,0.25,title,title,140, -!,"["" -!"", ""#%$"", ""%$i"", ""'tm"", "")ai"", ""*mo"", ""+s "", "",24"", ""-yz"", "".bb"", "".ky"", ""2gm"", ""5y:"", ""5yc"", ""7,3"", ""74'"", ""8ar"", ""9dr"", "":5y"", ""=pa"", ""[um"", ""_pa"", ""btq"", ""cn:"", ""cz-"", ""d*m"", ""dgh"", ""er9"", ""ey_"", ""flh"", ""g.j"", ""gmz"", ""h(o"", ""h21"", ""h=p"", ""i(s"", ""i/4"", ""k'h"", ""k9-"", ""l)a"", ""ls+"", ""mo["", ""mv2"", ""mvg"", ""mw2"", ""mwm"", ""n+m"", ""n8a"", ""nt["", ""nu]"", ""o(r"", ""oyq"", ""p(l"", ""p+s"", ""p5y"", ""p:5"", ""pcc"", ""pdc"", ""pm?"", ""qoy"", ""r+s"", ""r/8"", ""r9d"", ""rcj"", ""ri("", ""ry&"", ""s+ "", ""t[u"", ""tb-"", ""th="", ""tq "", ""u]m"", ""ud2"", ""um]"", ""uo."", ""v.k"", ""v22"", ""w20"", ""wv:"", ""xp:"", ""xug"", ""y&m"", ""y_p""]",83,1,155,0.0064516129032258064
5,block_infix_fingerprint_v005.json,256,local_split_entropy_equivalence_classes,3,0.0,0.25,title,title,141, -1,"["" -1""]",1,12,155,0.07741935483870968
5,block_infix_fingerprint_v005.json,256,local_split_entropy_equivalence_classes,3,0.0,0.25,title,title,142, ->,"["" ->""]",1,3,155,0.01935483870967742
5,block_infix_fingerprint_v005.json,256,local_split_entropy_equivalence_classes,3,0.0,0.25,title,title,143, -a,"["" -a""]",1,15,155,0.0967741935483871
5,block_infix_fingerprint_v005.json,256,local_split_entropy_equivalence_classes,3,0.0,0.25,title,title,144, -e,"["" -e""]",1,4,155,0.025806451612903226
5,block_infix_fingerprint_v005.json,256,local_split_entropy_equivalence_classes,3,0.0,0.25,title,title,145, -m,"["" -m""]",1,3,155,0.01935483870967742
5,block_infix_fingerprint_v005.json,256,local_split_entropy_equivalence_classes,3,0.0,0.25,title,title,146, -n,"["" -n""]",1,10,155,0.06451612903225806
5,block_infix_fingerprint_v005.json,256,local_split_entropy_equivalence_classes,3,0.0,0.25,title,title,147, -s,"["" -s""]",1,11,155,0.07096774193548387
5,block_infix_fingerprint_v005.json,256,local_split_entropy_equivalence_classes,3,0.0,0.25,title,title,148, -v,"["" -v""]",1,4,155,0.025806451612903226
5,block_infix_fingerprint_v005.json,256,local_split_entropy_equivalence_classes,3,0.0,0.25,title,title,149, .0,"["" .0"", "" u$"", "",25"", ""/vl"", ""0o:"", ""2.:"", ""23j"", ""2mx"", ""5-w"", ""52m"", ""55f"", ""5fu"", ""@#c"", ""b@#"", ""bc1"", ""c1:"", ""clc"", ""cpb"", ""eb@"", ""h4u"", ""i'8"", ""j x"", ""l5 "", ""pf)"", ""sf9"", ""ta2"", ""vvn"", ""wuv"", ""x08"", ""x09"", ""x; "", ""xx;""]",32,1,155,0.0064516129032258064
5,block_infix_fingerprint_v005.json,256,local_split_entropy_equivalence_classes,3,0.0,0.25,title,title,150, .4,"["" .4""]",1,17,155,0.10967741935483871
5,block_infix_fingerprint_v005.json,256,local_split_entropy_equivalence_classes,3,0.0,0.25,title,title,151, / ,"["" / ""]",1,5,155,0.03225806451612903
5,block_infix_fingerprint_v005.json,256,local_split_entropy_equivalence_classes,3,0.0,0.25,title,title,152, 0:,"["" 0:""]",1,8,155,0.05161290322580645
5,block_infix_fingerprint_v005.json,256,local_split_entropy_equivalence_classes,3,0.0,0.25,title,title,153, 1t,"["" 1t""]",1,2,155,0.012903225806451613
